participant_id,variable,baseline_gcm,intervened_gcm,baseline_linear_scm,intervened_linear_scm,gcm_effect,linear_scm_effect
6,calories_burned,19.10238966329848,18.590288920906502,16.727579078886855,17.805552379359412,-0.5121007423919792,1.0779733004725571
12,calories_burned,14.433094989283648,13.882793918183253,14.056046584654894,15.13401988512745,-0.5503010711003942,1.0779733004725571
15,calories_burned,12.968034239701183,14.535151459202352,13.599866259327229,14.677839559799786,1.567117219501169,1.0779733004725571
19,calories_burned,19.16575310306571,17.00935198578096,17.742067258710435,18.820040559183,-2.1564011172847515,1.0779733004725642
30,calories_burned,17.948128610477934,15.58466298700671,14.969307534170511,16.047280834643068,-2.363465623471223,1.0779733004725571
34,calories_burned,13.830829401754505,13.026067230222626,13.134690670326876,14.212663970799433,-0.8047621715318787,1.0779733004725571
40,calories_burned,12.844787807257802,17.17982848474213,16.7136137697877,17.79158707026025,4.335040677484329,1.07797330047255
45,calories_burned,11.260579256657568,13.189619074604373,13.641912427053285,14.719885727525842,1.929039817946805,1.0779733004725571
46,calories_burned,20.04397087675237,21.867968416308926,17.83723689098575,18.915210191458314,1.823997539556558,1.0779733004725642
48,calories_burned,13.532179525547084,13.220364872905698,13.647527587574942,14.725500888047492,-0.3118146526413863,1.07797330047255
50,calories_burned,13.610954596835867,16.555398461419163,14.089369394116162,15.167342694588712,2.9444438645832953,1.07797330047255
53,calories_burned,18.253137056114596,17.408704672603697,15.147657537413572,16.22563083788613,-0.8444323835108989,1.0779733004725571
70,calories_burned,17.165639444376097,20.209569810393,17.200875374225774,18.278848674698338,3.0439303660169017,1.0779733004725642
77,calories_burned,16.210043623580813,16.791702033450065,15.317646187887718,16.395619488360268,0.5816584098692523,1.07797330047255
83,calories_burned,13.543080966147917,17.22065679690904,15.798748359555674,16.87672166002823,3.677575830761123,1.0779733004725571
85,calories_burned,11.482648602162703,12.160675688928903,11.885187849879095,12.963161150351652,0.6780270867661997,1.0779733004725571
86,calories_burned,14.246287215778604,20.77941429324705,14.98996382174802,16.067937122220577,6.533127077468446,1.0779733004725571
91,calories_burned,15.28246603553785,14.149098418368121,13.886017487456826,14.963990787929383,-1.1333676171697284,1.0779733004725571
92,calories_burned,16.47116909477127,14.743665993402495,15.622099134315107,16.700072434787664,-1.7275031013687752,1.0779733004725571
93,calories_burned,21.00328589235121,14.820129335206454,14.659522161881611,15.737495462354175,-6.183156557144757,1.0779733004725642
94,calories_burned,17.425803058920376,20.56499867219251,17.180359215039473,18.258332515512038,3.1391956132721326,1.0779733004725642
105,calories_burned,14.863617316190673,15.955855789239713,14.779537734042677,15.857511034515234,1.09223847304904,1.0779733004725571
107,calories_burned,16.66955332506826,18.391740830030056,15.860893340868074,16.93886664134064,1.722187504961795,1.0779733004725642
115,calories_burned,17.50578882892218,20.873514206354287,17.5247547741631,18.602728074635657,3.367725377432105,1.0779733004725571
120,calories_burned,15.088158312804579,14.93577433060733,13.7046190329783,14.782592333450864,-0.15238398219724836,1.0779733004725642
121,calories_burned,17.30259046179481,25.493300471959383,16.613858131025424,17.691831431497988,8.190710010164572,1.0779733004725642
145,calories_burned,15.83956590801353,14.596962365039172,13.70319373041545,14.781167030888,-1.2426035429743578,1.07797330047255
146,calories_burned,20.75012991611355,16.872718118912914,16.22942990924922,17.307403209721784,-3.8774117972006366,1.0779733004725642
150,calories_burned,15.794290355582593,18.446721156966234,15.507118734914414,16.58509203538697,2.652430801383641,1.0779733004725571
155,calories_burned,17.17950257157829,18.439717966517808,16.639792084950074,17.717765385422638,1.260215394939518,1.0779733004725642
156,calories_burned,10.889986296149159,12.563698695245717,12.286086976703018,13.364060277175582,1.6737123990965586,1.0779733004725642
157,calories_burned,16.16643550767091,14.083095252966155,14.527079416462563,15.60505271693512,-2.0833402547047566,1.0779733004725571
162,calories_burned,16.837213920550457,17.1167044653636,16.394928870522484,17.47290217099504,0.27949054481314306,1.0779733004725571
166,calories_burned,14.410495270887287,16.741498453764265,16.02869463991604,17.106667940388597,2.3310031828769784,1.0779733004725571
170,calories_burned,14.469980052852105,14.152599238667888,12.479994503547843,13.557967804020407,-0.31738081418421693,1.0779733004725642
175,calories_burned,12.660816872941352,16.90018268292228,13.475074949055568,14.553048249528125,4.23936580998093,1.0779733004725571
176,calories_burned,18.88243080231108,20.109296869585116,18.580405613520654,19.65837891399321,1.2268660672740346,1.0779733004725571
177,calories_burned,16.70464211166664,17.3833586014266,15.79365963859194,16.871632939064497,0.6787164897599602,1.0779733004725571
183,calories_burned,12.226727956089954,17.96103562326775,15.659288295543561,16.73726159601612,5.734307667177797,1.0779733004725571
184,calories_burned,16.337139684651696,14.429273870880918,15.646660017181915,16.72463331765448,-1.907865813770778,1.0779733004725642
185,calories_burned,9.430187423237621,12.325438768064904,13.121156900461116,14.199130200933674,2.895251344827283,1.0779733004725571
198,calories_burned,13.242851961983153,15.416321697951997,14.045885402937536,15.123858703410093,2.173469735968844,1.0779733004725571
212,calories_burned,19.274141908244456,19.56289416449741,17.05401898980601,18.131992290278575,0.2887522562529554,1.0779733004725642
213,calories_burned,12.68384680935406,13.62379237537965,13.370287876853283,14.448261177325833,0.9399455660255907,1.07797330047255
219,calories_burned,12.48959589394931,14.402587523541815,12.808387523417721,13.886360823890271,1.9129916295925042,1.07797330047255
224,calories_burned,14.543612602083824,17.53501759173449,13.765645221600742,14.8436185220733,2.9914049896506665,1.0779733004725571
231,calories_burned,17.53523118170279,18.456846462450358,17.169673216376296,18.247646516848853,0.9216152807475666,1.0779733004725571
234,calories_burned,14.780137493425546,16.388526401882036,16.04764036226122,17.125613662733777,1.6083889084564902,1.0779733004725571
235,calories_burned,17.912795460761373,18.21388540066649,17.2934830785577,18.37145637903025,0.30108993990511834,1.07797330047255
236,calories_burned,15.491075698529471,17.30127420322347,15.870560484290735,16.948533784763292,1.8101985046940001,1.0779733004725571
237,calories_burned,12.975146069772551,13.916985712086836,14.043462186423767,15.121435486896331,0.9418396423142852,1.0779733004725642
239,calories_burned,15.306595383165101,20.27550485924103,16.3836284852836,17.46160178575616,4.968909476075927,1.0779733004725571
240,calories_burned,17.846011537024843,21.395722165060533,15.06845577090165,16.1464290713742,3.5497106280356903,1.07797330047255
246,calories_burned,16.511396805862443,14.806623969037114,14.747821657525023,15.825794957997573,-1.7047728368253292,1.07797330047255
248,calories_burned,18.800580989189697,21.757764413212684,19.17408700151917,20.252060301991726,2.957183424022986,1.0779733004725571
249,calories_burned,15.529986281998056,19.891733378999024,15.685372951329484,16.76334625180204,4.361747097000968,1.0779733004725571
255,calories_burned,23.223581020847305,19.717484947581006,19.83395589130882,20.91192919178137,-3.506096073266299,1.07797330047255
258,calories_burned,13.495045162951236,16.800929690946674,16.479000795143065,17.55697409561563,3.3058845279954383,1.0779733004725642
261,calories_burned,17.783719174909116,18.845447442811263,15.902894792091772,16.98086809256432,1.0617282679021471,1.07797330047255
266,calories_burned,16.854164415576207,19.910872005289153,15.316185169812087,16.39415847028465,3.0567075897129463,1.0779733004725642
270,calories_burned,13.822596233895469,14.43557146641952,13.90137569785567,14.979348998328227,0.6129752325240503,1.0779733004725571
277,calories_burned,16.500163293060957,14.046077662088713,13.981268918577229,15.059242219049786,-2.4540856309722443,1.0779733004725571
289,calories_burned,18.08096951212932,16.571388601644813,15.24503293439534,16.323006234867904,-1.5095809104845088,1.0779733004725642
291,calories_burned,13.379836055805411,16.6895696442963,13.371509665460124,14.449482965932674,3.3097335884908876,1.07797330047255
293,calories_burned,15.944598989133404,15.62584533185039,15.763183814093011,16.84115711456557,-0.31875365728301297,1.0779733004725571
310,calories_burned,15.645641745949895,15.329718760335881,15.798712063453195,16.87668536392576,-0.315922985614014,1.0779733004725642
311,calories_burned,13.539403961278706,12.443342307207134,12.95962586991034,14.03759917038289,-1.0960616540715726,1.07797330047255
313,calories_burned,13.494835149874685,13.755494881831385,14.31003178375316,15.388005084225725,0.2606597319567001,1.0779733004725642
323,calories_burned,10.651815566086615,15.522181339224604,12.057883032116848,13.135856332589398,4.870365773137989,1.07797330047255
324,calories_burned,12.626698019523321,18.521769012386677,14.54673773995755,15.6247110404301,5.8950709928633565,1.07797330047255
332,calories_burned,11.22002014194843,16.27152331930912,12.346069748631933,13.424043049104498,5.051503177360692,1.0779733004725642
338,calories_burned,19.769192884178903,16.00725996661749,16.57127826452097,17.64925156499352,-3.7619329175614133,1.07797330047255
343,calories_burned,16.613754397299225,18.803104736138696,14.302843983188595,15.380817283661159,2.1893503388394713,1.0779733004725642
344,calories_burned,16.32903922409614,16.937880128547604,15.802975349988799,16.880948650461356,0.6088409044514655,1.0779733004725571
346,calories_burned,15.977206796109257,16.384886779240915,16.713102634911024,17.791075935383574,0.40767998313165776,1.07797330047255
350,calories_burned,17.93635424372337,22.539365859003237,19.909128288953085,20.98710158942565,4.603011615279868,1.0779733004725642
367,calories_burned,16.166087616198205,13.55204557761642,13.596811079329342,14.674784379801899,-2.6140420385817844,1.0779733004725571
372,calories_burned,18.22076239728379,20.646458077443384,18.899020123782712,19.97699342425527,2.4256956801595955,1.0779733004725571
374,calories_burned,17.51079851942541,14.82035943036598,16.338762796996704,17.416736097469254,-2.6904390890594314,1.07797330047255
391,calories_burned,13.088883319106245,13.531537265305355,14.474185924610346,15.552159225082903,0.44265394619911014,1.0779733004725571
392,calories_burned,18.834870988476908,14.006287754144722,15.856199607253117,16.934172907725667,-4.828583234332186,1.07797330047255
394,calories_burned,16.46248431592803,21.146956224807035,15.420703445205525,16.498676745678083,4.684471908879004,1.0779733004725571
402,calories_burned,16.756067901255662,15.16452599226376,14.869297617040381,15.947270917512938,-1.5915419089919016,1.0779733004725571
403,calories_burned,20.142059665361707,19.005379084497005,18.182220277680827,19.260193578153384,-1.1366805808647023,1.0779733004725571
406,calories_burned,15.178538829338489,15.976471700909249,16.13500527938691,17.212978579859467,0.7979328715707599,1.0779733004725571
407,calories_burned,17.30016048000769,16.277575820370405,14.556639912095918,15.634613212568482,-1.0225846596372854,1.0779733004725642
414,calories_burned,17.730453427841198,17.32156645823683,15.609803618916814,16.687776919389364,-0.4088869696043673,1.07797330047255
425,calories_burned,16.961414492858374,16.37849994670395,14.937667414238987,16.01564071471155,-0.5829145461544236,1.0779733004725642
435,calories_burned,14.052757880362357,15.429495717761517,12.454406669848154,13.532379970320704,1.3767378373991601,1.07797330047255
438,calories_burned,15.303723904440377,16.51170070885607,14.41972783817593,15.49770113864848,1.2079768044156918,1.07797330047255
444,calories_burned,17.24043166865145,16.546190228843702,15.737747262844294,16.81572056331686,-0.6942414398077474,1.0779733004725642
461,calories_burned,16.507920097453134,15.96191158714009,15.312485455308732,16.39045875578128,-0.5460085103130439,1.07797330047255
462,calories_burned,13.566642828978765,14.139836288540776,15.156555647428306,16.23452894790087,0.5731934595620114,1.0779733004725642
470,calories_burned,12.880581108071219,11.832581647263115,11.967948927827265,13.045922228299823,-1.0479994608081036,1.0779733004725571
476,calories_burned,11.934022425830994,15.405947830813679,14.209550972819748,15.287524273292306,3.4719254049826844,1.0779733004725571
481,calories_burned,16.73602882430857,13.731509741397184,15.075031132310144,16.1530044327827,-3.0045190829113846,1.0779733004725571
482,calories_burned,19.950497437209904,18.669010991799787,17.13822236663573,18.216195667108295,-1.281486445410117,1.0779733004725642
487,calories_burned,16.509542659535548,17.63921716753824,16.96066375505177,18.038637055524326,1.1296745080026938,1.0779733004725571
495,calories_burned,13.758220967726729,14.158394354154842,13.62899494105126,14.706968241523818,0.4001733864281132,1.0779733004725571
496,calories_burned,10.899999322851507,17.014426928150343,15.17614395685932,16.25411725733187,6.114427605298836,1.07797330047255
497,calories_burned,19.7186284565442,15.37751167153194,15.39813196739189,16.47610526786444,-4.341116785012259,1.07797330047255
500,calories_burned,14.343373854419873,15.017758707526404,14.3287092898792,15.406682590351764,0.6743848531065311,1.0779733004725642
521,calories_burned,12.409016968616376,15.659967135451316,15.926566649315106,17.004539949787656,3.25095016683494,1.07797330047255
530,calories_burned,18.683199384825645,17.50644235833554,16.669839204138732,17.74781250461129,-1.1767570264901046,1.0779733004725571
536,calories_burned,19.709295650019595,17.735309320263646,15.236198740403488,16.314172040876045,-1.9739863297559488,1.0779733004725571
538,calories_burned,13.759025862106622,13.906855983008775,14.740091737782137,15.818065038254694,0.14783012090215308,1.0779733004725571
543,calories_burned,15.01694283460556,14.152727948938288,13.194770015324025,14.272743315796589,-0.8642148856672716,1.0779733004725642
546,calories_burned,18.96758088185487,17.56321203794967,14.966696208645203,16.044669509117767,-1.4043688439052033,1.0779733004725642
553,calories_burned,13.501922931582712,13.410317778575092,14.036004427870935,15.113977728343492,-0.09160515300762029,1.0779733004725571
555,calories_burned,12.352727765154341,15.554881577323158,14.814926110793827,15.892899411266384,3.2021538121688167,1.0779733004725571
556,calories_burned,10.640564889183871,17.894473129114004,14.130895220325414,15.208868520797964,7.253908239930134,1.07797330047255
560,calories_burned,14.36034174254697,16.996335714786888,15.395105243686274,16.473078544158838,2.635993972239918,1.0779733004725642
561,calories_burned,18.851022286062964,15.08698162668205,16.271410743990835,17.34938404446339,-3.764040659380914,1.0779733004725571
567,calories_burned,14.503704291854461,13.870006463242154,13.887643470052573,14.96561677052513,-0.6336978286123074,1.0779733004725571
568,calories_burned,13.630641372438212,15.460439340260876,13.907830811246434,14.985804111718991,1.829797967822664,1.0779733004725571
576,calories_burned,14.099015124217278,13.488065093755461,15.379560615913405,16.457533916385955,-0.610950030461817,1.07797330047255
606,calories_burned,15.12784087177656,15.967637082077113,15.797501428906138,16.875474729378695,0.8397962103005536,1.0779733004725571
608,calories_burned,12.363845558727716,14.858611226451663,13.431304858835588,14.509278159308145,2.4947656677239465,1.0779733004725571
609,calories_burned,15.566520267268537,15.15685245475179,12.422849715591667,13.500823016064217,-0.4096678125167461,1.07797330047255
614,calories_burned,11.637697630475659,18.730125044664028,13.051650427750332,14.129623728222896,7.09242741418837,1.0779733004725642
615,calories_burned,10.57327414701707,14.92559976808649,12.009372338709333,13.08734563918189,4.35232562106942,1.0779733004725571
623,calories_burned,12.92104869917662,14.885485926229013,14.16265032660543,15.24062362707798,1.964437227052393,1.07797330047255
625,calories_burned,18.410208725148088,14.611692495003636,15.009496585424401,16.08746988589695,-3.798516230144452,1.07797330047255
626,calories_burned,16.498136061685944,16.528988583934595,15.390541920258059,16.468515220730616,0.03085252224865087,1.0779733004725571
628,calories_burned,13.670009568700271,13.929964129085981,13.282311937533095,14.360285238005645,0.25995456038570985,1.07797330047255
629,calories_burned,11.964347656624222,12.894397832318438,15.030486422205499,16.108459722678056,0.9300501756942161,1.0779733004725571
635,calories_burned,19.868326117737382,18.305066570314054,16.097180004052873,17.175153304525438,-1.5632595474233284,1.0779733004725642
637,calories_burned,14.491394488472238,16.61333000075477,15.299405857603467,16.377379158076025,2.1219355122825334,1.0779733004725571
646,calories_burned,14.075373901690906,11.918054730925489,15.536459881452444,16.614433181925,-2.157319170765417,1.0779733004725571
647,calories_burned,18.91529729552932,19.596444825789284,19.59494817791944,20.672921478392,0.6811475302599632,1.0779733004725571
648,calories_burned,14.867761651505868,11.406745589119549,13.13186272936614,14.209836029838698,-3.461016062386319,1.0779733004725571
655,calories_burned,16.46718235250163,23.55418249427064,15.933716206357552,17.01168950683011,7.0870001417690105,1.0779733004725571
679,calories_burned,15.891778531148395,22.536664050794503,16.758303083712548,17.836276384185105,6.644885519646108,1.0779733004725571
683,calories_burned,12.553352676752652,14.174780265614146,14.900257486953663,15.978230787426213,1.6214275888614935,1.07797330047255
690,calories_burned,9.467383448130516,15.102258595751422,11.260953569747713,12.33892687022027,5.634875147620907,1.0779733004725571
696,calories_burned,13.40992325355988,11.401800213405753,13.644002880603693,14.721976181076244,-2.0081230401541266,1.07797330047255
710,calories_burned,12.329278622589724,16.18757728650762,14.498911191407572,15.57688449188013,3.8582986639178944,1.0779733004725571
720,calories_burned,17.251775750867306,15.072086488656252,13.957759803778458,15.035733104251015,-2.1796892622110544,1.0779733004725571
724,calories_burned,11.179487390509596,17.389075224217653,13.452304482846529,14.530277783319086,6.209587833708056,1.0779733004725571
727,calories_burned,16.39397228888463,13.21596716941115,16.601641050091025,17.679614350563583,-3.1780051194734806,1.0779733004725571
731,calories_burned,13.349400749171556,14.606758082199766,14.134720544778986,15.212693845251536,1.2573573330282102,1.07797330047255
744,calories_burned,11.761644536438128,15.659159757922238,13.219861232588045,14.297834533060595,3.8975152214841096,1.07797330047255
760,calories_burned,15.961077357705594,17.037418704116565,16.49828790650203,17.576261206974593,1.0763413464109703,1.0779733004725642
762,calories_burned,12.45752305897858,18.708929671223196,15.379805687641117,16.457778988113674,6.251406612244615,1.0779733004725571
764,calories_burned,15.065316497377216,19.03883811347238,14.932665223331497,16.010638523804055,3.973521616095164,1.0779733004725571
765,calories_burned,20.84550133090589,13.675538818043492,16.461936750723055,17.539910051195605,-7.169962512862398,1.07797330047255
767,calories_burned,18.782658323046878,13.828304597817219,15.105917043188526,16.183890343661083,-4.954353725229659,1.0779733004725571
773,calories_burned,15.67979683578967,15.869521708233258,13.693070211630484,14.771043512103049,0.1897248724435876,1.0779733004725642
776,calories_burned,15.216455015799458,15.603792760274889,13.00004405748939,14.078017357961947,0.3873377444754311,1.0779733004725571
785,calories_burned,17.113768695429272,17.275583470645923,18.54165107146975,19.619624371942308,0.16181477521665144,1.0779733004725571
788,calories_burned,13.779301525537633,16.526436823811686,15.367276835164603,16.445250135637153,2.7471352982740527,1.07797330047255
794,calories_burned,13.221463192848033,16.637257675180138,13.545029701536293,14.623003002008858,3.415794482332105,1.0779733004725642
795,calories_burned,16.001056461848318,12.910464681741887,13.776269832250378,14.854243132722928,-3.090591780106431,1.07797330047255
797,calories_burned,14.48257747921709,16.522028642602564,14.398511598729527,15.476484899202092,2.0394511633854737,1.0779733004725642
806,calories_burned,14.199690211806022,13.185989594864342,13.53146411099705,14.6094374114696,-1.01370061694168,1.07797330047255
809,calories_burned,11.378035563251064,15.918651442079737,12.735267080019582,13.81324038049214,4.540615878828673,1.0779733004725571
812,calories_burned,19.766487076073737,18.89071140675936,16.884677077039143,17.962650377511693,-0.875775669314379,1.07797330047255
815,calories_burned,16.56107235070863,16.69415640200349,14.60638891010251,15.684362210575067,0.13308405129485834,1.0779733004725571
819,calories_burned,12.379531981052322,13.119746129830327,12.714821515486946,13.79279481595951,0.740214148778005,1.0779733004725642
822,calories_burned,11.41362305489757,12.769014836098652,14.886477228398618,15.964450528871168,1.3553917812010816,1.07797330047255
823,calories_burned,14.560953435649818,17.47616373966426,15.484352999916538,16.562326300389095,2.9152103040144404,1.0779733004725571
827,calories_burned,18.95461472168971,17.958050182886662,17.530932670345123,18.60890597081768,-0.996564538803046,1.0779733004725571
828,calories_burned,15.50862213911756,14.389946056373615,14.565050662446737,15.643023962919301,-1.118676082743944,1.0779733004725642
832,calories_burned,13.328310961874443,13.024876550162642,14.061924443944292,15.139897744416857,-0.30343441171180174,1.0779733004725642
835,calories_burned,10.835384238244494,16.061100755382878,12.638346110980464,13.716319411453014,5.225716517138384,1.07797330047255
840,calories_burned,18.51334536377872,17.318008241737054,19.23833616858274,20.316309469055298,-1.1953371220416642,1.0779733004725571
845,calories_burned,14.059736793102447,19.01850212316747,16.308737455469526,17.38671075594209,4.958765330065022,1.0779733004725642
851,calories_burned,11.760693881642075,14.393646491218362,12.062650194308617,13.140623494781181,2.6329526095762876,1.0779733004725642
854,calories_burned,14.21135884395955,16.526206621679876,14.931050975385247,16.009024275857797,2.314847777720326,1.07797330047255
874,calories_burned,14.224463344841935,16.976809435041314,15.136005720148887,16.21397902062145,2.7523460901993797,1.0779733004725642
897,calories_burned,14.926551714108506,18.029976249706785,12.895323940883657,13.97329724135622,3.103424535598279,1.0779733004725642
901,calories_burned,16.689699773054144,14.525794156216909,16.113521609961616,17.191494910434173,-2.1639056168372353,1.0779733004725571
905,calories_burned,15.356074903249802,17.678754667386286,14.562630810314182,15.64060411078674,2.3226797641364847,1.0779733004725571
909,calories_burned,19.850690474159094,17.090585139453122,15.93836418144776,17.016337481920317,-2.7601053347059725,1.0779733004725571
910,calories_burned,14.000845994204985,15.55790181145989,14.232216239910109,15.310189540382666,1.5570558172549056,1.0779733004725571
911,calories_burned,19.766804511309914,16.78849520694053,17.45835260435618,18.536325904828743,-2.9783093043693825,1.0779733004725642
912,calories_burned,15.260308794985828,15.106285374356808,16.268856075267927,17.346829375740484,-0.15402342062902008,1.0779733004725571
915,calories_burned,14.320248261535504,13.756050313116612,13.15882026974245,14.236793570215006,-0.5641979484188919,1.0779733004725571
917,calories_burned,10.75752648607855,14.928516574069496,13.50147059014337,14.579443890615927,4.170990087990946,1.0779733004725571
918,calories_burned,16.241658537064996,18.127337723459597,18.370461248870846,19.448434549343403,1.8856791863946007,1.0779733004725571
920,calories_burned,15.19100625397763,16.81513262526465,17.073103423580825,18.151076724053382,1.6241263712870193,1.0779733004725571
925,calories_burned,7.016665792593919,10.304357670664592,11.002603455026929,12.080576755499486,3.2876918780706728,1.0779733004725571
927,calories_burned,14.429548954602925,15.692271833377113,14.505317693456668,15.583290993929225,1.2627228787741878,1.0779733004725571
932,calories_burned,19.2910699841545,17.073744262941023,16.7890027828674,17.866976083339956,-2.217325721213477,1.0779733004725571
933,calories_burned,14.662462363265114,11.376303236130209,14.567651670284114,15.645624970756671,-3.286159127134905,1.0779733004725571
938,calories_burned,16.24106432114282,17.941443112955657,15.634390754874104,16.71236405534666,1.7003787918128381,1.0779733004725571
939,calories_burned,14.593972083663754,20.283764768450187,16.4215953059704,17.499568606442963,5.689792684786433,1.0779733004725642
942,calories_burned,15.923250861732042,19.700369293996655,16.19136150960712,17.26933481007967,3.777118432264613,1.07797330047255
943,calories_burned,18.190886410204783,16.17883073038588,17.617010465879517,18.694983766352074,-2.0120556798189035,1.0779733004725571
945,calories_burned,16.31791527366901,14.393644229270834,13.844607808775507,14.922581109248057,-1.924271044398175,1.07797330047255
951,calories_burned,16.457806259810187,13.698453511665683,14.344002747883273,15.42197604835583,-2.7593527481445044,1.0779733004725571
953,calories_burned,13.880120679742955,12.054512208826354,12.964422274634636,14.042395575107193,-1.8256084709166007,1.0779733004725571
959,calories_burned,17.022505140482966,17.882375664421748,17.32403544023248,18.40200874070503,0.8598705239387812,1.07797330047255
967,calories_burned,15.43387736404192,12.62349590224688,14.494179214270488,15.572152514743038,-2.810381461795039,1.07797330047255
969,calories_burned,18.35431268483305,21.390055363259656,18.73131982310035,19.809293123572914,3.0357426784266046,1.0779733004725642
970,calories_burned,18.799452759411775,13.798421152498769,15.781093909423241,16.859067209895798,-5.001031606913006,1.0779733004725571
974,calories_burned,17.78263150171852,22.44290266314296,16.88052741002212,17.958500710494675,4.66027116142444,1.0779733004725571
989,calories_burned,12.004010148522827,9.338272157679885,11.525401148635396,12.60337444910796,-2.665737990842942,1.0779733004725642
990,calories_burned,18.66346783180321,16.80625239993805,16.314453664488383,17.392426964960947,-1.8572154318651606,1.0779733004725642
991,calories_burned,14.882355878586305,12.311300012628829,14.000712043598341,15.078685344070891,-2.571055865957476,1.07797330047255
995,calories_burned,13.27487455745026,16.22326588232209,14.870275170291364,15.948248470763929,2.948391324871828,1.0779733004725642
997,calories_burned,12.591713850592033,19.29848733030199,14.572563966754167,15.650537267226724,6.706773479709959,1.0779733004725571
999,calories_burned,22.203955272009104,22.903925559590423,19.565942578136273,20.64391587860883,0.6999702875813192,1.0779733004725571
1001,calories_burned,16.152008088494494,15.884045045002264,13.01320297616202,14.091176276634577,-0.2679630434922302,1.0779733004725571
1002,calories_burned,12.07092266186978,14.186232636487922,12.951470234299244,14.0294435347718,2.1153099746181425,1.0779733004725571
1007,calories_burned,13.94515341884684,17.0162008284139,13.631352568798405,14.709325869270963,3.0710474095670612,1.0779733004725571
1013,calories_burned,16.713564034879262,19.16092562487418,17.76576835846629,18.843741658938846,2.4473615899949195,1.0779733004725571
1015,calories_burned,12.94840584553117,14.519295445732666,14.720319794768585,15.798293095241142,1.5708896002014967,1.0779733004725571
1020,calories_burned,11.666622582708161,15.144412026934177,15.394653924342663,16.47262722481522,3.4777894442260155,1.0779733004725571
1027,calories_burned,13.759345793940811,14.144347578790745,12.88159034625064,13.959563646723197,0.3850017848499334,1.0779733004725571
1036,calories_burned,18.695798713552524,17.435637108932013,18.83318043385401,19.911153734326575,-1.2601616046205102,1.0779733004725642
1044,calories_burned,13.203444948575811,11.231694927727645,12.672844625716259,13.750817926188816,-1.971750020848166,1.0779733004725571
1054,calories_burned,17.267187427297465,19.11845926259474,16.640331420336864,17.718304720809428,1.8512718352972755,1.0779733004725642
1056,calories_burned,18.957672396969066,18.218434614923275,15.523678117437996,16.60165141791056,-0.7392377820457909,1.0779733004725642
1066,calories_burned,14.777991075007549,17.831845993099893,16.22173823302846,17.299711533501018,3.0538549180923447,1.0779733004725571
1072,calories_burned,17.060428615603275,19.71641451368981,18.47686236336886,19.554835663841416,2.6559858980865343,1.0779733004725571
1077,calories_burned,6.2587491047034085,14.603218909003175,13.76618812701929,14.844161427491848,8.344469804299766,1.0779733004725571
1081,calories_burned,12.802007572015249,12.80993813598344,13.381386695555797,14.459359996028354,0.007930563968191251,1.0779733004725571
1092,calories_burned,20.903688926790316,22.659999584500184,18.216771810161887,19.294745110634445,1.756310657709868,1.0779733004725571
1093,calories_burned,13.742988415680468,16.07550566201448,15.01725748946889,16.095230789941454,2.3325172463340103,1.0779733004725642
1100,calories_burned,17.175824724025535,18.88179759717213,17.12653119480116,18.20450449527371,1.705972873146596,1.07797330047255
1101,calories_burned,18.41987434090631,21.164092078049986,17.954900883309136,19.032874183781693,2.744217737143675,1.0779733004725571
1102,calories_burned,19.42472688982109,21.543139511380172,17.562065600370865,18.64003890084342,2.118412621559081,1.0779733004725571
1104,calories_burned,15.400971625772529,19.028969301638426,17.847906423788302,18.92587972426086,3.627997675865897,1.0779733004725571
1108,calories_burned,16.539107487004564,15.618765903998275,15.915422277738351,16.993395578210908,-0.9203415830062891,1.0779733004725571
1111,calories_burned,14.756980992718152,16.6813133661677,17.722969673324577,18.800942973797135,1.9243323734495483,1.0779733004725571
1113,calories_burned,15.793576750351992,14.446159177418565,15.766498003669902,16.84447130414246,-1.347417572933427,1.0779733004725571
1130,calories_burned,17.771908719477707,18.546281419663377,13.888197579662517,14.966170880135081,0.7743727001856691,1.0779733004725642
1131,calories_burned,19.718508018366684,19.94548639487828,20.185004971628913,21.26297827210147,0.22697837651159603,1.0779733004725571
1132,calories_burned,17.07284945799079,15.366759132069944,15.19115546644349,16.269128766916054,-1.7060903259208473,1.0779733004725642
1143,calories_burned,18.07439761403339,15.569214041788673,16.534330604988483,17.61230390546104,-2.505183572244718,1.0779733004725571
1144,calories_burned,9.988121464202493,12.019052759141504,13.589716487451803,14.66768978792436,2.030931294939011,1.0779733004725571
1149,calories_burned,13.92450716703938,17.890584546673253,13.799816285174018,14.877789585646582,3.966077379633873,1.0779733004725642
1155,calories_burned,16.946370339250862,17.38108386364192,18.047516171669088,19.125489472141638,0.43471352439105715,1.07797330047255
1156,calories_burned,15.264420626613308,20.595031378004503,16.408935531742813,17.486908832215377,5.330610751391195,1.0779733004725642
1161,calories_burned,17.091008669278043,19.082642944096303,17.267558911862892,18.34553221233545,1.99163427481826,1.0779733004725571
1162,calories_burned,18.195664561969494,17.863993394388466,17.101010060915854,18.17898336138841,-0.3316711675810282,1.0779733004725571
1175,calories_burned,13.868937259190602,18.223917755971257,15.682677043167594,16.76065034364015,4.354980496780655,1.0779733004725571
1176,calories_burned,17.220994389437323,22.97190694099777,15.636563587859293,16.71453688833185,5.750912551560447,1.0779733004725571
1177,calories_burned,15.973934244217904,18.56792778862126,14.653493600730926,15.731466901203476,2.5939935444033573,1.07797330047255
1186,calories_burned,17.765765662087972,15.625511174272424,16.5185880308426,17.596561331315158,-2.1402544878155485,1.0779733004725571
1205,calories_burned,13.319865546135482,16.061180534412323,14.889263611587651,15.967236912060208,2.741314988276841,1.0779733004725571
1208,calories_burned,16.728974303301204,16.591079274462395,17.24334109075359,18.321314391226153,-0.137895028838809,1.0779733004725642
1212,calories_burned,16.055605365788544,19.097543664979877,16.30937025532551,17.38734355579807,3.041938299191333,1.0779733004725571
1215,calories_burned,13.488320871645271,18.577956409960088,17.215700466435905,18.293673766908462,5.089635538314816,1.0779733004725571
1218,calories_burned,15.66779600286687,14.758163202476872,15.3474317193564,16.425405019828958,-0.909632800389998,1.0779733004725571
1220,calories_burned,12.883178394601469,14.010627295644156,14.517880638833873,15.595853939306423,1.127448901042687,1.07797330047255
1221,calories_burned,13.37584771445595,14.72422567250194,14.51172393972363,15.589697240196188,1.3483779580459885,1.0779733004725571
1231,calories_burned,12.01034175590436,13.42090398548737,13.360276816407499,14.438250116880056,1.410562229583011,1.0779733004725571
1238,calories_burned,15.259772008458613,15.234470594051137,14.15374943279918,15.231722733271738,-0.02530141440747613,1.0779733004725571
1244,calories_burned,19.638514373117978,19.41340916690435,16.795134595717116,17.873107896189666,-0.22510520621362673,1.07797330047255
1246,calories_burned,14.800931327721408,16.178945914702517,13.833425193676646,14.911398494149203,1.3780145869811093,1.0779733004725571
1249,calories_burned,19.62986768642402,24.205848383198322,16.80596714562013,17.883940446092694,4.575980696774302,1.0779733004725642
1254,calories_burned,14.131777025449502,11.693052969591594,12.954266404718119,14.032239705190676,-2.4387240558579073,1.0779733004725571
1255,calories_burned,18.228136517698665,16.78468141932787,16.097978604800836,17.175951905273394,-1.4434550983707943,1.0779733004725571
1256,calories_burned,14.396469548645115,19.91984838505789,14.941117000995945,16.019090301468495,5.523378836412775,1.07797330047255
1259,calories_burned,14.415415786292758,16.132507159130558,13.414866935640774,14.49284023611333,1.7170913728377997,1.0779733004725571
1266,calories_burned,15.18019250468251,17.068819088863982,18.222229795841983,19.30020309631454,1.8886265841814716,1.0779733004725571
1271,calories_burned,15.838451305270578,16.753352084792866,15.922165437590102,17.00013873806266,0.9149007795222879,1.0779733004725571
1273,calories_burned,14.819474717211946,13.985914050171207,14.683154358621252,15.761127659093816,-0.8335606670407394,1.0779733004725642
1290,calories_burned,16.5069771810433,19.449265007557422,17.386008147672662,18.46398144814522,2.9422878265141215,1.0779733004725571
1300,calories_burned,14.224419178980101,17.00253301657432,17.94891898608047,19.026892286553036,2.7781138375942174,1.0779733004725642
1301,calories_burned,11.933934641297421,11.306154533494118,12.264922918630049,13.342896219102606,-0.6277801078033036,1.0779733004725571
1311,calories_burned,13.389735573566023,17.255912785081666,14.729504840196547,15.807478140669105,3.8661772115156428,1.0779733004725571
1312,calories_burned,20.150001090191008,17.702219055607433,18.48024856456098,19.558221865033538,-2.4477820345835752,1.0779733004725571
1315,calories_burned,14.585877822828056,15.978530909732463,14.526877319468113,15.60485061994067,1.3926530869044065,1.0779733004725571
1336,calories_burned,14.264002758383993,19.818269105967815,14.912010352715555,15.989983653188112,5.554266347583821,1.0779733004725571
1342,calories_burned,15.386058674326392,13.027708737388856,14.203423891181181,15.281397191653738,-2.358349936937536,1.0779733004725571
1350,calories_burned,16.170430912803308,14.643482194682589,15.254699822035839,16.332673122508396,-1.5269487181207193,1.0779733004725571
1357,calories_burned,16.465386517580686,15.444725592693077,16.474631148309385,17.552604448781942,-1.0206609248876095,1.0779733004725571
1358,calories_burned,20.060609580037784,21.171941663907262,17.850992007498107,18.928965307970664,1.1113320838694776,1.0779733004725571
1360,calories_burned,16.84467049201859,16.550319036388316,16.244672296927675,17.32264559740024,-0.29435145563027376,1.0779733004725642
1368,calories_burned,16.648547213221555,14.161149155575506,16.642369111924168,17.720342412396718,-2.4873980576460486,1.07797330047255
1373,calories_burned,14.045600009402985,17.366785908300944,15.84807806454269,16.92605136501524,3.3211858988979586,1.07797330047255
1374,calories_burned,13.265174760110147,14.147881221463262,14.829035187341319,15.907008487813869,0.8827064613531146,1.07797330047255
1379,calories_burned,13.805542942581194,16.99420120775585,15.16194187727534,16.239915177747896,3.188658265174656,1.0779733004725571
1384,calories_burned,23.090651546839883,20.97307793342237,20.648856887153343,21.726830187625893,-2.1175736134175125,1.07797330047255
1401,calories_burned,13.324014534809796,14.204678179095575,15.858099698458552,16.93607299893111,0.8806636442857787,1.0779733004725571
1405,calories_burned,15.504544465370198,18.002232350159666,16.96052641045206,18.038499710924626,2.4976878847894675,1.0779733004725642
1408,calories_burned,19.74272354740078,20.46173798221138,16.37806024446614,17.45603354493869,0.7190144348105996,1.07797330047255
1411,calories_burned,14.883377356806683,15.633575702973092,16.57747909954388,17.655452400016443,0.7501983461664086,1.0779733004725642
1416,calories_burned,13.638253754212798,15.323654826573216,12.719868098089293,13.79784139856185,1.6854010723604187,1.0779733004725571
1425,calories_burned,14.554422391684797,14.0514191029998,15.015298743909803,16.09327204438236,-0.5030032886849973,1.0779733004725571
1440,calories_burned,16.380035870836885,14.83847523501521,16.05432350092937,17.13229680140192,-1.541560635821675,1.07797330047255
1441,calories_burned,11.904561922369211,16.465005775509688,15.230372276247266,16.308345576719816,4.560443853140477,1.07797330047255
1452,calories_burned,13.810817215936385,12.360702053241024,13.877897892166047,14.955871192638604,-1.4501151626953614,1.0779733004725571
1453,calories_burned,18.01750200972099,13.253505286252775,15.405235765909566,16.48320906638213,-4.763996723468214,1.0779733004725642
1457,calories_burned,14.575701025788561,13.277929500889885,13.52103433812136,14.599007638593918,-1.2977715248986765,1.0779733004725571
1461,calories_burned,14.015018180587322,20.004010923842927,15.279818915002423,16.35779221547498,5.988992743255604,1.0779733004725571
1463,calories_burned,18.67295134314621,17.155476062973875,16.979503117098858,18.057476417571415,-1.5174752801723344,1.0779733004725571
1469,calories_burned,16.13876442321269,16.143918159042574,14.820124506305213,15.89809780677777,0.005153735829882322,1.0779733004725571
1473,calories_burned,17.63430185846486,15.959476978766663,16.445133457651153,17.523106758123717,-1.6748248796981962,1.0779733004725642
1475,calories_burned,13.859497973904338,16.553850500865813,14.129256666708315,15.20722996718088,2.6943525269614756,1.0779733004725642
1483,calories_burned,20.855558748067946,20.187149077119393,19.313451859292982,20.391425159765546,-0.6684096709485523,1.0779733004725642
1487,calories_burned,15.767417192755767,16.042145709914966,14.183041712213374,15.261015012685931,0.27472851715919866,1.0779733004725571
1495,calories_burned,15.479857825861313,16.333080539822184,16.919567795332192,17.99754109580475,0.8532227139608715,1.0779733004725571
1499,calories_burned,16.815023813242238,20.91294879537543,15.309384516786068,16.387357817258632,4.097924982133193,1.0779733004725642
1501,calories_burned,11.681144914969456,14.049495272123849,13.165150028965158,14.243123329437722,2.3683503571543927,1.0779733004725642
1502,calories_burned,12.020146197997105,12.23753749997162,14.23756455104256,15.315537851515117,0.21739130197451395,1.0779733004725571
1520,calories_burned,13.927013827441634,17.911933401990794,17.378247824217866,18.456221124690416,3.98491957454916,1.07797330047255
1526,calories_burned,15.746790832133769,19.78393546220601,16.061490104422155,17.139463404894713,4.037144630072241,1.0779733004725571
1541,calories_burned,17.73074620111482,12.577325440053702,16.531960986809693,17.60993428728225,-5.153420761061117,1.0779733004725571
1557,calories_burned,10.735102201101451,14.297001806749536,14.159420719665135,15.2373940201377,3.561899605648085,1.0779733004725642
1558,calories_burned,15.158006380901538,14.884909901840961,13.841637997654452,14.919611298127009,-0.27309647906057677,1.0779733004725571
1563,calories_burned,17.3680382044635,17.421611915290043,16.851777455436746,17.92975075590931,0.053573710826544385,1.0779733004725642
1568,calories_burned,16.936588488005388,17.559702897379807,16.639570157713777,17.71754345818634,0.6231144093744199,1.0779733004725642
1570,calories_burned,12.059817860641234,11.979655777516392,14.134056180031664,15.212029480504228,-0.08016208312484174,1.0779733004725642
1571,calories_burned,15.922221885836754,21.295543136338406,16.636725495110248,17.714698795582805,5.373321250501652,1.0779733004725571
1573,calories_burned,16.25963987969535,15.817641778418242,13.286989991527676,14.364963292000226,-0.4419981012771075,1.07797330047255
1575,calories_burned,15.215021703956614,16.909931860559336,16.184367385637096,17.262340686109653,1.694910156602722,1.0779733004725571
1586,calories_burned,11.997355126170692,16.11442927254911,15.10900067947869,16.186973979951247,4.1170741463784175,1.0779733004725571
1595,calories_burned,16.800790412814667,18.225259527699812,15.031488811585405,16.109462112057955,1.4244691148851452,1.07797330047255
1604,calories_burned,20.726901561801824,19.530787933686057,18.907112629611163,19.985085930083727,-1.1961136281157678,1.0779733004725642
1606,calories_burned,16.109789721059197,16.85226688150212,14.452529195072593,15.53050249554515,0.7424771604429239,1.0779733004725571
1608,calories_burned,12.716543925547342,19.124519218039246,16.25963830376925,17.3376116042418,6.407975292491905,1.07797330047255
1613,calories_burned,13.029090397909258,16.018541791857423,15.41579504357476,16.49376834404731,2.9894513939481655,1.07797330047255
1614,calories_burned,17.984657244802115,20.92674140181599,17.18798140765434,18.2659547081269,2.9420841570138734,1.0779733004725571
1621,calories_burned,13.576924869828954,20.126998531707052,15.811633119486977,16.889606419959534,6.550073661878098,1.0779733004725571
1631,calories_burned,14.278858509677137,19.800966353037985,14.543057599913872,15.62103090038643,5.522107843360848,1.0779733004725571
1639,calories_burned,13.878852095143754,13.971769001787337,13.624465385716164,14.702438686188714,0.09291690664358221,1.07797330047255
1640,calories_burned,12.640945303593421,14.952863700745779,14.490780442056995,15.568753742529552,2.3119183971523576,1.0779733004725571
1642,calories_burned,15.426306140925782,18.497243007302888,16.724982221670928,17.802955522143478,3.0709368663771066,1.07797330047255
1653,calories_burned,17.396323837871357,14.97391128542306,17.8895413439555,18.96751464442805,-2.4224125524482965,1.07797330047255
1655,calories_burned,15.143307968747804,11.235256867099132,14.06570563248519,15.143678932957755,-3.908051101648672,1.0779733004725642
1656,calories_burned,14.487148399482912,14.30811478292572,13.063424234801865,14.141397535274422,-0.17903361655719152,1.0779733004725571
1659,calories_burned,11.79519462313988,22.17409453569789,14.573925883752217,15.651899184224774,10.37889991255801,1.0779733004725571
1661,calories_burned,17.582828415780863,18.86293486217429,18.349418069536938,19.427391370009502,1.2801064463934253,1.0779733004725642
1663,calories_burned,15.456928365625924,22.198480489272775,19.472697598519396,20.550670898991953,6.741552123646851,1.0779733004725571
1665,calories_burned,11.051752823926865,12.280658253191035,13.444516489339684,14.52248978981224,1.2289054292641701,1.0779733004725571
1669,calories_burned,15.37391557673257,19.252079041427265,15.651584304083613,16.729557604556177,3.878163464694696,1.0779733004725642
1670,calories_burned,14.688882185280438,15.499977027449086,14.441928309504071,15.519901609976628,0.8110948421686484,1.0779733004725571
1678,calories_burned,12.56972500206428,17.195973142579845,13.65336409474316,14.731337395215718,4.626248140515566,1.0779733004725571
1686,calories_burned,15.535093655143637,17.461342626664308,16.879408617332146,17.957381917804696,1.9262489715206712,1.07797330047255
1695,calories_burned,11.046901506987616,13.34118712274607,12.93324474726353,14.011218047736094,2.2942856157584544,1.0779733004725642
1709,calories_burned,16.404012169399348,14.146439176229814,14.281365625564149,15.359338926036713,-2.257572993169534,1.0779733004725642
1711,calories_burned,15.479484606104215,17.11587229390231,13.932147989215458,15.010121289688016,1.636387687798095,1.0779733004725571
1712,calories_burned,11.897653175321143,16.286227418620037,14.214327341651668,15.292300642124218,4.388574243298894,1.07797330047255
1714,calories_burned,17.049135986809993,18.432650914945082,16.474648450541885,17.552621751014442,1.3835149281350887,1.0779733004725571
1717,calories_burned,18.926364046490487,18.50217666396145,19.76704238097468,20.845015681447236,-0.42418738252903765,1.0779733004725571
1718,calories_burned,12.163343156893987,14.245411770173812,14.08890907378295,15.166882374255508,2.0820686132798247,1.0779733004725571
1723,calories_burned,14.679502758336312,13.37678959427191,14.583926901186004,15.661900201658568,-1.3027131640644019,1.0779733004725642
1726,calories_burned,19.246470255177353,17.14848817758812,17.154777273730332,18.232750574202896,-2.097982077589233,1.0779733004725642
1729,calories_burned,14.887219552762726,16.306906832711153,15.524054641374875,16.602027941847425,1.4196872799484268,1.07797330047255
1736,calories_burned,14.25557177931319,14.531910114960331,15.430033675043369,16.508006975515926,0.27633833564714116,1.0779733004725571
1739,calories_burned,15.595084451883324,18.664626943662373,16.219447885685412,17.297421186157976,3.0695424917790497,1.0779733004725642
1740,calories_burned,14.02797095983346,14.587044386670586,13.623199461196648,14.701172761669206,0.5590734268371254,1.0779733004725571
1742,calories_burned,12.196543235109743,13.393098717464197,13.490787119489525,14.568760419962082,1.1965554823544533,1.0779733004725571
1744,calories_burned,15.878000332867343,16.982500907101493,15.82183785652731,16.899811156999867,1.1045005742341498,1.0779733004725571
1747,calories_burned,20.092046697197617,16.250605446584153,16.158492872306354,17.23646617277891,-3.841441250613464,1.0779733004725571
1753,calories_burned,18.665436942185103,18.21848514863469,15.029699811889188,16.107673112361752,-0.4469517935504115,1.0779733004725642
1758,calories_burned,11.845911193045225,18.903774152857174,13.666229024432624,14.744202324905181,7.057862959811949,1.0779733004725571
1763,calories_burned,17.32535940880779,19.030860959407374,16.213190718667647,17.291164019140204,1.7055015505995854,1.0779733004725571
1787,calories_burned,18.335223134695642,17.885451345225167,16.808770831041663,17.88674413151422,-0.4497717894704749,1.0779733004725571
1790,calories_burned,17.318345759175894,17.703678934063642,17.163137209537695,18.241110510010245,0.385333174887748,1.07797330047255
1791,calories_burned,19.08432138248179,18.05824534269757,16.714850076835532,17.792823377308082,-1.0260760397842184,1.07797330047255
1799,calories_burned,21.389350196702498,16.730721491276153,16.572882469455216,17.650855769927773,-4.658628705426345,1.0779733004725571
1805,calories_burned,13.595311107331833,16.3493823536881,16.361575401567137,17.4395487020397,2.7540712463562667,1.0779733004725642
1811,calories_burned,10.882190578987673,14.362494221210575,13.813851402686637,14.891824703159202,3.4803036422229017,1.0779733004725642
1815,calories_burned,15.368532931541857,16.765810168119174,16.40388647126275,17.481859771735316,1.3972772365773167,1.0779733004725642
1818,calories_burned,14.234125501818541,13.506106211740802,13.951668762460208,15.029642062932766,-0.7280192900777394,1.0779733004725571
1827,calories_burned,13.097212997544077,18.36378891700238,14.246799574642111,15.324772875114668,5.266575919458305,1.0779733004725571
1829,calories_burned,13.804279708740541,15.211015889722098,12.249125054511701,13.327098354984258,1.4067361809815573,1.0779733004725571
1830,calories_burned,15.395173415175268,17.912162638376948,13.402748375194228,14.480721675666786,2.51698922320168,1.0779733004725571
1834,calories_burned,17.650143754352793,19.264609881204386,17.16093455343028,18.238907853902838,1.6144661268515925,1.0779733004725571
1836,calories_burned,15.450078091287555,14.837901296095847,14.002736377924045,15.080709678396602,-0.6121767951917079,1.0779733004725571
1838,calories_burned,10.402122039229685,15.432276330469312,13.17645041420404,14.254423714676605,5.0301542912396275,1.0779733004725642
1840,calories_burned,16.30262095680596,18.439398056523835,15.375213002523367,16.453186302995924,2.136777099717875,1.0779733004725571
1841,calories_burned,12.157268483770324,14.650460046673187,14.163495847057575,15.241469147530125,2.4931915629028634,1.07797330047255
1844,calories_burned,14.826693922681084,19.40815330806725,15.481847198317453,16.55982049879001,4.5814593853861645,1.0779733004725571
1849,calories_burned,17.365794527520446,19.19371080045005,16.209618305751988,17.287591606224552,1.8279162729296026,1.0779733004725642
1851,calories_burned,13.97499424185466,15.99707228000501,10.509651314070744,11.587624614543302,2.022078038150351,1.0779733004725571
1857,calories_burned,14.91327675892533,16.34437521163752,15.690534264498176,16.768507564970733,1.43109845271219,1.0779733004725571
1859,calories_burned,14.524071586627407,16.575165324759272,16.37138436501848,17.449357665491036,2.051093738131865,1.0779733004725571
1860,calories_burned,17.66158179981424,18.25538679787661,15.048300780839355,16.12627408131192,0.593804998062371,1.0779733004725642
1863,calories_burned,14.138979767335595,16.021757149555114,16.83505148578095,17.913024786253516,1.882777382219519,1.0779733004725642
1866,calories_burned,12.129851151403962,18.890501351584874,15.087839149415053,16.16581244988761,6.760650200180912,1.0779733004725571
1867,calories_burned,12.025126858770843,13.850203736721712,15.586198511639502,16.66417181211206,1.8250768779508686,1.0779733004725571
1868,calories_burned,12.176069875972026,12.174441053131556,12.092983942996696,13.170957243469246,-0.0016288228404697236,1.07797330047255
1879,calories_burned,13.579433181691119,13.035741200871726,13.415994354381183,14.493967654853734,-0.5436919808193927,1.07797330047255
1886,calories_burned,16.859828418849382,15.424813828627766,14.782153260321053,15.860126560793617,-1.4350145902216163,1.0779733004725642
1892,calories_burned,18.83427166736147,22.54630775165166,17.266053227416513,18.34402652788907,3.7120360842901903,1.0779733004725571
1895,calories_burned,15.368171719942444,13.692611227673655,14.409365395835962,15.487338696308527,-1.6755604922687883,1.0779733004725642
1900,calories_burned,19.05741112891354,17.007585405620965,17.342482598722313,18.420455899194877,-2.0498257232925745,1.0779733004725642
1909,calories_burned,14.131601425196159,12.093774034650309,13.239372799192651,14.317346099665208,-2.03782739054585,1.0779733004725571
1910,calories_burned,11.046256765393217,12.94373319521473,12.469449163733955,13.547422464206505,1.8974764298215128,1.07797330047255
1920,calories_burned,17.16709915502006,13.614584622272464,14.591509689099347,15.669482989571904,-3.5525145327475975,1.0779733004725571
1928,calories_burned,16.432842236260623,15.048136798672768,16.184576161262342,17.2625494617349,-1.3847054375878542,1.0779733004725571
1933,calories_burned,17.32479880967484,23.61729757765515,19.436598773688644,20.514572074161194,6.292498767980312,1.07797330047255
1936,calories_burned,12.677655107268636,14.689608162977196,12.745886378868349,13.823859679340913,2.0119530557085596,1.0779733004725642
1942,calories_burned,12.002918435945192,14.336279886276085,13.854095999695133,14.932069300167697,2.3333614503308926,1.0779733004725642
1944,calories_burned,14.75958915227098,15.782308017112864,14.43643875893266,15.514412059405217,1.0227188648418846,1.0779733004725571
1949,calories_burned,11.91906172218497,13.010465115186502,14.40176776467409,15.479741065146655,1.0914033930015314,1.0779733004725642
1952,calories_burned,15.367509278264777,17.5674013375608,14.104587476123783,15.182560776596347,2.1998920592960225,1.0779733004725642
1955,calories_burned,14.256353912284045,13.147647381783063,13.3346044000712,14.412577700543764,-1.1087065305009816,1.0779733004725642
1957,calories_burned,13.880026471200116,15.957710126582509,15.078048649375631,16.15602194984818,2.0776836553823923,1.07797330047255
1961,calories_burned,14.076151730242277,19.444513821731043,16.869712487159134,17.94768578763169,5.368362091488766,1.0779733004725571
1971,calories_burned,14.904151909128373,14.243633127459088,15.585481129146928,16.66345442961949,-0.6605187816692855,1.0779733004725642
1979,calories_burned,18.11813451276698,14.434389312780212,14.218654544210153,15.296627844682718,-3.6837451999867667,1.0779733004725642
1984,calories_burned,17.131877894111533,16.142821763915837,16.86895822797439,17.94693152844694,-0.9890561301956957,1.07797330047255
1985,calories_burned,14.597081065063595,13.163366112861004,13.376465773035306,14.454439073507857,-1.4337149522025907,1.07797330047255
1987,calories_burned,14.698590238654031,13.628664576485775,15.024926226848763,16.102899527321327,-1.0699256621682558,1.0779733004725642
1989,calories_burned,13.554833789186418,13.820176144194658,13.65959333592673,14.73756663639928,0.2653423550082401,1.07797330047255
1994,calories_burned,14.153949920305477,15.850921246802328,14.695799358625692,15.773772659098256,1.6969713264968505,1.0779733004725642
1995,calories_burned,11.370025352398084,15.108348341943096,12.788566713280346,13.866540013752896,3.7383229895450114,1.07797330047255
2002,calories_burned,12.37876036630264,18.78886246725032,14.168354014734575,15.24632731520714,6.410102100947679,1.0779733004725642
2006,calories_burned,16.354560998337497,18.132584848797944,17.79327332982176,18.871246630294316,1.7780238504604462,1.0779733004725571
2008,calories_burned,20.192508154322425,17.14933158945542,17.55671534181878,18.634688642291337,-3.0431765648670037,1.0779733004725571
2011,calories_burned,14.237179966864655,15.575308167286975,14.50435860361759,15.582331904090154,1.3381282004223198,1.0779733004725642
2017,calories_burned,13.256759672605583,21.290496770131526,15.377688981000233,16.45566228147279,8.033737097525943,1.0779733004725571
2023,calories_burned,15.555660468184193,14.050387410929122,13.418599837647548,14.496573138120105,-1.5052730572550708,1.0779733004725571
2026,calories_burned,14.323114231099042,17.992037707097875,13.81597873292921,14.893952033401774,3.6689234759988327,1.0779733004725642
2027,calories_burned,15.814731146617547,17.399872973286037,15.785018334954394,16.86299163542695,1.5851418266684902,1.0779733004725571
2030,calories_burned,12.664212849667917,13.536751826538389,13.62715013981827,14.70512344029082,0.8725389768704712,1.07797330047255
2033,calories_burned,13.449154707029074,12.599874745671752,14.752443379524742,15.830416679997299,-0.8492799613573219,1.0779733004725571
2035,calories_burned,14.25762251110015,19.121853270084934,15.306488459049369,16.384461759521926,4.8642307589847835,1.0779733004725571
2043,calories_burned,8.702854251717966,14.007936425360821,13.7640714203784,14.842044720850964,5.305082173642855,1.0779733004725642
2045,calories_burned,12.327934774834223,11.63154980820126,12.031649297081742,13.109622597554292,-0.6963849666329622,1.07797330047255
2047,calories_burned,12.675518064236186,16.349869893025918,15.898102537988919,16.976075838461476,3.6743518287897317,1.0779733004725571
2049,calories_burned,16.990671814952435,17.011845385796274,16.072361734219157,17.150335034691714,0.021173570843838974,1.0779733004725571
2050,calories_burned,13.955145311992975,15.338120834473434,15.410967910330996,16.48894121080356,1.382975522480459,1.0779733004725642
2059,calories_burned,16.154531920489603,13.261497797246953,15.7340843749015,16.81205767537405,-2.89303412324265,1.07797330047255
2063,calories_burned,18.316303965884465,16.56879181231581,17.345350986406977,18.423324286879534,-1.7475121535686569,1.0779733004725571
2070,calories_burned,16.103686853125865,21.07760578965961,15.516998293019455,16.594971593492005,4.973918936533746,1.07797330047255
2081,calories_burned,16.533394143921917,15.764031422922564,15.224761266347066,16.302734566819623,-0.7693627209993537,1.0779733004725571
2084,calories_burned,15.398267879857682,18.165150084791513,17.233327246516296,18.31130054698886,2.7668822049338306,1.0779733004725642
2094,calories_burned,16.39735375505896,15.990765245311533,14.54126913067573,15.619242431148294,-0.4065885097474258,1.0779733004725642
2098,calories_burned,15.098520572629752,15.955822328525386,16.614998701376884,17.69297200184944,0.8573017558956337,1.0779733004725571
2108,calories_burned,11.995074741188125,10.632743182849747,12.212845073976112,13.29081837444867,-1.3623315583383775,1.0779733004725571
2118,calories_burned,13.232595933429145,15.366023326486998,14.720717515777231,15.798690816249788,2.1334273930578522,1.0779733004725571
2122,calories_burned,17.88024757122771,20.625332144643583,16.874535144973905,17.95250844544647,2.7450845734158733,1.0779733004725642
2127,calories_burned,16.939728821935674,19.353118422807718,17.419051792505527,18.497025092978085,2.413389600872044,1.0779733004725571
2128,calories_burned,16.656760429839906,17.423966036610985,17.58127817210523,18.659251472577793,0.7672056067710784,1.0779733004725642
2134,calories_burned,12.304501833201012,15.256296169892467,13.565108154422731,14.643081454895288,2.9517943366914547,1.0779733004725571
2138,calories_burned,13.215869049260725,15.622563878416397,13.923375813958486,15.001349114431044,2.406694829155672,1.0779733004725571
2141,calories_burned,20.140545364566265,22.035716161595072,18.059971065110716,19.13794436558328,1.8951707970288076,1.0779733004725642
2149,calories_burned,17.141330598121197,13.264635930041784,17.994456348466812,19.072429648939362,-3.8766946680794128,1.07797330047255
2151,calories_burned,17.214558266513322,18.800952509178337,13.932247090293046,15.010220390765603,1.5863942426650155,1.0779733004725571
2152,calories_burned,16.249701310003143,17.628336770063118,14.658955531381942,15.736928831854499,1.378635460059975,1.0779733004725571
2156,calories_burned,15.67725409614281,15.229290669625852,14.457770565317247,15.535743865789797,-0.4479634265169583,1.07797330047255
2170,calories_burned,12.483280438436113,13.514654184954988,13.534187108621282,14.612160409093846,1.0313737465188755,1.0779733004725642
2175,calories_burned,13.930667557295177,17.74173568328747,15.303050282134379,16.38102358260693,3.8110681259922927,1.07797330047255
2178,calories_burned,14.923757553241908,18.478245664796045,16.830909077984423,17.90888237845698,3.5544881115541376,1.0779733004725571
2182,calories_burned,15.310835956582501,11.195927442097904,13.813156053637698,14.891129354110255,-4.114908514484597,1.0779733004725571
2184,calories_burned,19.732249481337963,13.88809064445061,15.960920560230704,17.038893860703254,-5.8441588368873525,1.07797330047255
2185,calories_burned,14.086647760064327,17.61206811154356,13.635543843718764,14.713517144191322,3.5254203514792337,1.0779733004725571
2192,calories_burned,16.82660890213606,17.38984454057695,17.180612126577394,18.25858542704995,0.5632356384408901,1.0779733004725571
2193,calories_burned,15.34099444305481,15.850313114847093,13.44447629839793,14.522449598870487,0.5093186717922826,1.0779733004725571
2199,calories_burned,15.477364063673729,16.287515959239567,15.320904251120282,16.398877551592832,0.8101518955658378,1.07797330047255
2205,calories_burned,14.31764396667795,15.321081425184936,14.446114853213281,15.524088153685838,1.0034374585069852,1.0779733004725571
2211,calories_burned,21.49733808597543,18.000908431203495,19.770310281568726,20.848283582041283,-3.4964296547719336,1.0779733004725571
2214,calories_burned,13.460819962645227,14.87836367396276,14.539119492313596,15.617092792786153,1.417543711317533,1.0779733004725571
2227,calories_burned,19.97324415388854,18.389359086441388,17.91205532859488,18.99002862906744,-1.5838850674471523,1.0779733004725571
2230,calories_burned,16.028286658783713,23.006208177486023,16.787660115521504,17.865633415994054,6.97792151870231,1.07797330047255
2232,calories_burned,14.214645339281343,14.582447678966469,14.305131802522297,15.383105102994861,0.36780233968512555,1.0779733004725642
2233,calories_burned,19.405435070605687,18.145814389027205,15.126017273736451,16.203990574209,-1.2596206815784825,1.07797330047255
2239,calories_burned,11.362668208075558,15.110874795133146,13.434002183959038,14.511975484431595,3.748206587057588,1.0779733004725571
2240,calories_burned,14.610304918689941,17.106536211918822,15.2754830863935,16.353456386866057,2.496231293228881,1.0779733004725571
2244,calories_burned,18.577059834182283,18.438303638395848,17.22000004907398,18.297973349546538,-0.13875619578643494,1.0779733004725571
2250,calories_burned,14.05742290909841,12.070717658230771,13.758454893026823,14.836428193499387,-1.9867052508676384,1.0779733004725642
2252,calories_burned,17.386464070746907,13.308859581331113,16.860034975916946,17.938008276389503,-4.077604489415794,1.0779733004725571
2257,calories_burned,20.567117478045407,16.484627650342762,15.97224462041909,17.050217920891647,-4.082489827702645,1.0779733004725571
2263,calories_burned,18.799310773754403,16.990698514459343,14.297823379000818,15.375796679473382,-1.8086122592950602,1.0779733004725642
2274,calories_burned,20.778353271955623,20.375874765012636,18.571359535304495,19.649332835777052,-0.4024785069429875,1.0779733004725571
2275,calories_burned,11.372560103823048,12.776968614803536,12.44405869581756,13.52203199629011,1.4044085109804882,1.07797330047255
2276,calories_burned,14.101175522864395,17.038753798638798,14.753856897306491,15.831830197779041,2.9375782757744027,1.07797330047255
2279,calories_burned,13.086804228244434,14.207990705246953,14.50777247486176,15.585745775334317,1.121186477002519,1.0779733004725571
2292,calories_burned,17.556415373765905,17.666554104639815,16.852242831788665,17.930216132261222,0.1101387308739099,1.0779733004725571
2296,calories_burned,15.526952429321641,12.660590419447518,15.500744053538796,16.578717354011353,-2.8663620098741234,1.0779733004725571
2299,calories_burned,11.550711373962521,17.9468506743201,13.721366780295583,14.799340080768147,6.396139300357579,1.0779733004725642
2304,calories_burned,15.525730630334957,18.446716906003083,16.830414408968373,17.90838770944093,2.9209862756681257,1.0779733004725571
2307,calories_burned,22.788383905751065,17.219132547033503,17.66562225791587,18.743595558388428,-5.569251358717562,1.0779733004725571
2309,calories_burned,14.16759787839197,13.831361957067205,13.538846493553422,14.616819794025979,-0.3362359213247643,1.0779733004725571
2316,calories_burned,21.523231947657393,16.68579797730071,16.457700553649794,17.53567385412235,-4.837433970356685,1.0779733004725571
2323,calories_burned,15.88070474388643,15.707718683986858,15.7101311999796,16.788104500452164,-0.1729860598995714,1.0779733004725642
2328,calories_burned,12.248697257018682,12.957164768668566,13.537495455939236,14.615468756411786,0.708467511649884,1.07797330047255
2331,calories_burned,12.969368171246625,15.884098203516123,16.080223686760874,17.15819698723344,2.914730032269498,1.0779733004725642
2340,calories_burned,17.312893513569737,17.836044022385853,17.04298765715813,18.120960957630686,0.5231505088161157,1.0779733004725571
2341,calories_burned,19.373538569346437,16.460568596884965,15.453756877268233,16.53173017774079,-2.9129699724614717,1.0779733004725571
2342,calories_burned,15.43507021048297,17.91951582337254,17.706738578335354,18.78471187880791,2.4844456128895693,1.0779733004725571
2344,calories_burned,12.8848333240365,17.943690353181882,15.454412821615655,16.532386122088212,5.058857029145383,1.0779733004725571
2350,calories_burned,18.168702300887002,17.75368325148887,15.230460753723136,16.3084340541957,-0.4150190493981327,1.0779733004725642
2352,calories_burned,13.330289317512774,13.495831366746222,12.790173446223946,13.86814674669651,0.16554204923344784,1.0779733004725642
2369,calories_burned,15.689781216971802,15.2163237311363,14.46991700146635,15.547890301938907,-0.4734574858355014,1.0779733004725571
2378,calories_burned,17.317418703270697,18.152172494865333,15.71198889704148,16.78996219751403,0.8347537915946361,1.07797330047255
2380,calories_burned,12.16200846658403,12.57389949396024,13.370291771692571,14.448265072165128,0.4118910273762104,1.0779733004725571
2382,calories_burned,12.067832682466648,12.959335728093912,11.950415937023593,13.028389237496157,0.8915030456272639,1.0779733004725642
2401,calories_burned,13.382146521094885,11.512225162414989,12.04535165163098,13.12332495210353,-1.8699213586798962,1.07797330047255
2405,calories_burned,10.480902341384539,17.102699234690085,14.370458410154676,15.448431710627233,6.621796893305547,1.0779733004725571
2413,calories_burned,15.48077196302773,18.213609675363326,17.01996038457189,18.097933685044445,2.7328377123355967,1.0779733004725571
2429,calories_burned,13.071244684475138,15.093090823718267,13.309925422256818,14.387898722729375,2.021846139243129,1.0779733004725571
2430,calories_burned,16.010004366489056,12.520376825907887,15.561132386286559,16.639105686759116,-3.4896275405811696,1.0779733004725571
2436,calories_burned,14.14676349055445,12.183113067322335,16.852343880285886,17.930317180758443,-1.9636504232321155,1.0779733004725571
2447,calories_burned,15.048322773872322,10.510269562827517,13.356726181153327,14.434699481625884,-4.538053211044804,1.0779733004725571
2449,calories_burned,13.420643269223106,14.893376483130202,13.417151646375423,14.49512494684798,1.4727332139070963,1.0779733004725571
2455,calories_burned,17.568910754628007,17.517547478890663,14.597933237598788,15.675906538071345,-0.05136327573734434,1.0779733004725571
2457,calories_burned,18.292721360881142,17.729473864317534,16.38806541252137,17.466038712993928,-0.5632474965636085,1.0779733004725571
2470,calories_burned,15.108804008660695,20.142994151359044,15.181356290221999,16.25932959069455,5.03419014269835,1.07797330047255
2474,calories_burned,12.279263436669986,13.87004249884432,14.433516772913023,15.51149007338558,1.5907790621743345,1.0779733004725571
2476,calories_burned,9.421736668829336,13.528855837775588,13.05253866715357,14.130511967626127,4.107119168946252,1.0779733004725571
2477,calories_burned,15.263233554434432,15.840673828085002,14.72009670635289,15.798070006825455,0.5774402736505699,1.0779733004725642
2478,calories_burned,10.714485783550593,14.830067446490437,12.749646370337473,13.827619670810037,4.115581662939844,1.0779733004725642
2482,calories_burned,15.907925318506253,18.260623878734755,16.497746367913436,17.575719668385993,2.352698560228502,1.0779733004725571
2483,calories_burned,15.22949706757914,18.36557970642402,16.022497749864037,17.100471050336594,3.1360826388448775,1.0779733004725571
2485,calories_burned,16.168386850621307,18.962328604680614,14.979236215181501,16.057209515654066,2.7939417540593077,1.0779733004725642
2488,calories_burned,12.853283595745438,19.385206675004433,13.679015844465752,14.756989144938316,6.531923079258995,1.0779733004725642
2489,calories_burned,14.301733776943758,15.192315761327082,15.156948106767736,16.234921407240293,0.8905819843833243,1.0779733004725571
2492,calories_burned,15.8958137604755,14.028035757101422,13.555925892786277,14.633899193258834,-1.8677780033740774,1.0779733004725571
2505,calories_burned,14.64324001898468,15.754318209617011,16.3031538598392,17.381127160311756,1.1110781906323322,1.0779733004725571
2510,calories_burned,18.17309749141348,20.578818027101153,16.229983182487302,17.30795648295986,2.4057205356876743,1.0779733004725571
2524,calories_burned,16.514827701863176,16.770504181712823,15.313875572816897,16.39184887328946,0.25567647984964736,1.0779733004725642
2525,calories_burned,16.435236372248717,15.192660020255483,14.09706107033692,15.175034370809485,-1.2425763519932342,1.0779733004725642
2526,calories_burned,10.257931713323575,10.685640676221158,10.944174654078502,12.022147954551059,0.427708962897583,1.0779733004725571
2530,calories_burned,14.113210598109692,14.940289674626275,15.821013583278585,16.898986883751135,0.8270790765165827,1.07797330047255
2532,calories_burned,17.167353203144742,20.773548487285638,15.442090216755027,16.520063517227584,3.6061952841408953,1.0779733004725571
2537,calories_burned,12.305751712666794,14.610496403620902,13.904784837888684,14.982758138361248,2.3047446909541076,1.0779733004725642
2539,calories_burned,10.478264450878793,13.209269025552384,12.650960657141368,13.728933957613918,2.731004574673591,1.07797330047255
2543,calories_burned,13.688164799094467,17.45732037784463,16.45515982277817,17.533133123250735,3.769155578750164,1.0779733004725642
2546,calories_burned,16.700771202535478,12.251796041244601,15.267749802269414,16.34572310274197,-4.448975161290877,1.0779733004725571
2551,calories_burned,12.830338635762292,18.062458903514596,15.953067233739404,17.031040534211968,5.232120267752304,1.0779733004725642
2568,calories_burned,13.741596734359252,15.19765894706958,14.023884500594463,15.101857801067027,1.4560622127103287,1.0779733004725642
2570,calories_burned,14.288948402445627,11.98906355896088,13.652774269620451,14.730747570093008,-2.2998848434847474,1.0779733004725571
2573,calories_burned,12.846840220959365,13.099336690976942,12.156314672595641,13.234287973068191,0.2524964700175776,1.07797330047255
2575,calories_burned,15.26186154952741,15.932016298651055,16.658379696638654,17.73635299711121,0.670154749123645,1.0779733004725571
2577,calories_burned,19.365010147184442,20.94242383829604,17.144190906602816,18.22216420707538,1.5774136911115981,1.0779733004725642
2578,calories_burned,16.549571803258424,20.92973174755026,17.86269127492504,18.940664575397598,4.380159944291837,1.0779733004725571
2584,calories_burned,14.431811610734348,18.813893472422937,17.162552115626127,18.240525416098684,4.382081861688588,1.0779733004725571
2588,calories_burned,13.649903744009226,11.98168443525922,13.105051109508324,14.18302440998088,-1.6682193087500057,1.0779733004725571
2598,calories_burned,14.533761904918414,17.17211719306139,16.53518060086961,17.613153901342173,2.638355288142975,1.0779733004725642
2599,calories_burned,13.371105100319927,14.717091930458327,13.210104244859565,14.28807754533213,1.3459868301384006,1.0779733004725642
2603,calories_burned,17.459436627629152,19.55952781919896,16.604223388865968,17.682196689338525,2.100091191569806,1.0779733004725571
2604,calories_burned,12.204386246893957,16.115531590253397,14.154283712167278,15.232257012639835,3.91114534335944,1.0779733004725571
2605,calories_burned,14.87150200063862,17.793813441707986,15.08258131330976,16.160554613782317,2.9223114410693665,1.0779733004725571
2625,calories_burned,18.038812576811637,19.62512441958878,18.642459008758138,19.720432309230695,1.5863118427771425,1.0779733004725571
2627,calories_burned,17.08775237716045,19.677814778897904,17.19548156035073,18.273454860823286,2.5900624017374554,1.0779733004725571
2628,calories_burned,16.17043602526796,20.83376749887561,16.737518658175475,17.81549195864804,4.6633314736076485,1.0779733004725642
2632,calories_burned,14.568898526533504,15.960305387408352,16.121800327513583,17.19977362798614,1.3914068608748487,1.0779733004725571
2633,calories_burned,12.917688041022307,16.220705810019904,14.995366261673496,16.07333956214606,3.303017768997597,1.0779733004725642
2636,calories_burned,15.411906240478382,20.63576237891552,16.925415506691827,18.003388807164384,5.223856138437137,1.0779733004725571
2637,calories_burned,15.314269089642586,16.932361210992024,14.598953509800879,15.676926810273436,1.618092121349438,1.0779733004725571
2639,calories_burned,17.420554525212626,19.379108684734963,16.80281622892587,17.880789529398427,1.9585541595223361,1.0779733004725571
2648,calories_burned,18.954167856714733,16.979576380081344,17.442252175335867,18.520225475808424,-1.974591476633389,1.0779733004725571
2653,calories_burned,11.079154928933654,12.672245818458276,12.222883223884239,13.300856524356803,1.5930908895246212,1.0779733004725642
2661,calories_burned,17.0220232990339,17.194180174443108,15.621233833752747,16.699207134225304,0.17215687540920754,1.0779733004725571
2666,calories_burned,17.359104926865104,19.920960708042784,18.379277560040507,19.457250860513064,2.5618557811776803,1.0779733004725571
2678,calories_burned,20.676377800692762,15.026141902327055,17.645901915686025,18.723875216158582,-5.6502358983657075,1.0779733004725571
2686,calories_burned,12.559016834675434,14.424193345063989,14.961736992470975,16.039710292943532,1.8651765103885545,1.0779733004725571
2688,calories_burned,19.461494210505244,19.679842372650786,18.57294337953884,19.6509166800114,0.2183481621455421,1.0779733004725571
2696,calories_burned,14.448358879920937,15.640470818839027,15.652315949235025,16.73028924970758,1.1921119389180905,1.0779733004725571
2697,calories_burned,19.810168124309747,15.607056650043315,16.838347006295407,17.916320306767965,-4.203111474266432,1.0779733004725571
2710,calories_burned,11.77111988652541,12.025064049130501,13.632581616625735,14.710554917098293,0.2539441626050909,1.0779733004725571
2732,calories_burned,16.44508871544062,17.849955163530886,16.203186917442352,17.28116021791491,1.4048664480902673,1.0779733004725571
2738,calories_burned,11.23161680587232,13.482379715182516,12.998765612080163,14.07673891255272,2.250762909310195,1.0779733004725571
2739,calories_burned,13.771219032064586,13.932352880144034,14.851423237222924,15.929396537695482,0.16113384807944797,1.0779733004725571
2741,calories_burned,18.902094615631082,19.467026652003128,16.63909926391048,17.717072564383045,0.5649320363720456,1.0779733004725642
2752,calories_burned,13.921822144098243,11.098901830580491,13.134617547663836,14.2125908481364,-2.822920313517752,1.0779733004725642
2755,calories_burned,18.815170011057656,18.401382274306464,17.570599176880393,18.64857247735295,-0.4137877367511926,1.0779733004725571
2759,calories_burned,13.839024469773832,14.981583042622852,14.18346573644412,15.261439036916684,1.142558572849019,1.0779733004725642
2776,calories_burned,13.43687403394663,17.978921536358165,14.401759669081727,15.479732969554284,4.542047502411535,1.0779733004725571
2779,calories_burned,19.76679219958779,18.81043458748802,15.955749204050022,17.033722504522572,-0.9563576120997688,1.07797330047255
2780,calories_burned,15.17373591223278,19.597593106086038,18.733604328184477,19.811577628657034,4.423857193853257,1.0779733004725571
2790,calories_burned,14.906913672577755,11.443535472584786,14.737119723459273,15.81509302393183,-3.4633781999929685,1.0779733004725571
2794,calories_burned,19.96113304852468,16.74005236906311,17.65346267015572,18.73143597062827,-3.2210806794615685,1.07797330047255
2798,calories_burned,16.3623614286459,16.07749390526429,16.194024486047752,17.27199778652031,-0.28486752338161025,1.0779733004725571
2801,calories_burned,17.799679453740282,18.39349479487006,17.025686380820602,18.103659681293152,0.5938153411297762,1.07797330047255
2808,calories_burned,17.565178211448096,15.795184204037028,16.20242992459771,17.280403225070266,-1.7699940074110678,1.0779733004725571
2811,calories_burned,15.638965955345977,17.012975584409425,15.71363749367056,16.791610794143125,1.3740096290634476,1.0779733004725642
2823,calories_burned,12.439024751480353,17.436910150266062,15.301957161945168,16.379930462417725,4.997885398785709,1.0779733004725571
2829,calories_burned,13.227673665846211,13.220866868196358,13.751098182971234,14.82907148344379,-0.006806797649852925,1.0779733004725571
2834,calories_burned,18.54127301299249,16.6285031249956,15.827520297453049,16.905493597925613,-1.912769887996891,1.0779733004725642
2842,calories_burned,13.457772488435873,17.48118948059498,13.101476749173024,14.179450049645581,4.023416992159108,1.0779733004725571
2852,calories_burned,11.741732770863969,16.677784263661596,14.253141324296465,15.331114624769015,4.936051492797628,1.07797330047255
2854,calories_burned,18.086757302465006,22.16425991455009,17.42613464973359,18.504107950206148,4.077502612085084,1.0779733004725571
2872,calories_burned,14.515776139126077,17.11807418872152,16.11477969467093,17.192752995143486,2.6022980495954418,1.0779733004725571
2875,calories_burned,15.047830978274225,15.422990059211333,15.704734602313039,16.78270790278559,0.3751590809371077,1.07797330047255
2878,calories_burned,14.003695544380058,11.343759476762962,13.323485170537154,14.401458471009704,-2.659936067617096,1.07797330047255
2883,calories_burned,17.586374941283594,24.409603114154045,18.84140833686252,19.91938163733508,6.823228172870451,1.0779733004725571
2887,calories_burned,16.373291456362377,15.525065308021594,13.819575451515696,14.897548751988253,-0.8482261483407836,1.0779733004725571
2888,calories_burned,16.38522789439853,20.657230255701577,17.13211200663997,18.21008530711252,4.2720023613030484,1.07797330047255
2899,calories_burned,18.160537173143386,19.30117813136555,17.75747097185188,18.835444272324438,1.1406409582221642,1.0779733004725571
2901,calories_burned,17.367673702105318,15.446059835811194,14.019679287822832,15.09765258829539,-1.9216138662941233,1.0779733004725571
2917,calories_burned,11.84886923013278,15.207435919569836,15.331411347412065,16.40938464788462,3.3585666894370565,1.0779733004725571
2919,calories_burned,15.97194701535878,18.933554477806112,17.17637982434342,18.254353124815978,2.9616074624473328,1.0779733004725571
2924,calories_burned,15.647342831161373,15.873063385365755,15.816170514632276,16.894143815104826,0.22572055420438275,1.07797330047255
2926,calories_burned,12.635190599856745,13.19508591777712,14.340932213072534,15.418905513545091,0.5598953179203754,1.0779733004725571
2945,calories_burned,16.19246275123136,19.075782713647296,16.398285829182107,17.476259129654665,2.8833199624159356,1.0779733004725571
2956,calories_burned,15.694401241866213,20.867395368417103,17.028443146537953,18.10641644701051,5.17299412655089,1.0779733004725571
2957,calories_burned,19.417875367832334,16.530363694898533,17.133210969088104,18.21118426956066,-2.887511672933801,1.0779733004725571
2959,calories_burned,12.338721810302397,13.045442310802294,15.5140408472692,16.592014147741764,0.7067205004998964,1.0779733004725642
2961,calories_burned,14.101986836686056,15.391303838285777,15.74827024440701,16.82624354487956,1.2893170015997217,1.07797330047255
2964,calories_burned,14.650266307206461,18.55840174519572,16.883887102341617,17.961860402814175,3.9081354379892588,1.0779733004725571
2967,calories_burned,9.230489573998256,17.156054143175595,14.253672819873067,15.331646120345624,7.9255645691773395,1.0779733004725571
2973,calories_burned,11.447931621481702,15.8192284442984,14.730759560524646,15.808732860997196,4.3712968228166975,1.07797330047255
2974,calories_burned,13.230490086959437,18.293228827645414,16.1529768128623,17.230950113334856,5.062738740685978,1.0779733004725571
2976,calories_burned,15.397814436011918,19.945141041546076,16.518121287660747,17.596094588133305,4.547326605534158,1.0779733004725571
2979,calories_burned,15.575654438130991,15.707857917246765,15.02401458717194,16.101987887644498,0.13220347911577335,1.0779733004725571
2982,calories_burned,11.16094950948711,14.113824943686206,13.046558392537015,14.124531693009573,2.952875434199095,1.0779733004725571
2987,calories_burned,14.361547264139867,15.518503029443087,15.221040935361621,16.29901423583418,1.1569557653032199,1.0779733004725571
2989,calories_burned,15.292114093856556,11.45839294537407,14.499448254567184,15.577421555039734,-3.8337211484824856,1.07797330047255
2992,calories_burned,11.032108752392592,13.617218799626722,13.131057655637917,14.209030956110482,2.5851100472341297,1.0779733004725642
2993,calories_burned,11.9835531780519,10.701061997072568,11.729870481154748,12.807843781627305,-1.2824911809793313,1.0779733004725571
6,fitness_level,9.891980665880482,11.21818027723083,9.984878496724276,10.626854290145737,1.326199611350349,0.6419757934214605
12,fitness_level,9.772377521780815,9.224002182207315,9.792355636050042,10.4343314294715,-0.5483753395735,0.6419757934214587
15,fitness_level,9.550239579387469,10.753674547649977,10.301513901638021,10.943489695059482,1.203434968262508,0.6419757934214605
19,fitness_level,10.747138609574025,10.489882549754276,10.591564478756592,11.233540272178052,-0.2572560598197491,0.6419757934214605
30,fitness_level,10.306729321787103,10.95672275400764,10.532777840376136,11.174753633797595,0.649993432220537,0.6419757934214587
34,fitness_level,10.107573260071991,11.415373631863373,10.606911750743365,11.248887544164825,1.307800371791382,0.6419757934214605
40,fitness_level,9.897674909286449,11.065660111446231,10.266934947766666,10.908910741188125,1.167985202159782,0.6419757934214587
45,fitness_level,9.808155075551676,11.312611721003567,10.425972242410353,11.067948035831813,1.5044566454518904,0.6419757934214605
46,fitness_level,10.417494966509087,10.51575486049271,10.273750134425883,10.915725927847344,0.0982598939836219,0.6419757934214605
48,fitness_level,10.761078297692798,11.079313665099043,10.363716868017113,11.005692661438571,0.3182353674062455,0.6419757934214587
50,fitness_level,10.341634568780083,11.616863403680306,10.36836454344686,11.01034033686832,1.275228834900222,0.6419757934214587
53,fitness_level,10.069751187360726,10.536528383455666,10.102799365132107,10.744775158553566,0.46677719609493984,0.6419757934214587
70,fitness_level,11.022418997262173,10.650200568604525,10.478083448835998,11.12005924225746,-0.3722184286576482,0.6419757934214623
77,fitness_level,9.802337539289063,10.707340547474661,10.054902690913135,10.696878484334595,0.9050030081855986,0.6419757934214605
83,fitness_level,10.182433295825833,10.998642299056238,10.253061798829622,10.895037592251084,0.816209003230405,0.6419757934214623
85,fitness_level,9.443722262482828,10.811618926377065,10.32293056409012,10.964906357511582,1.3678966638942374,0.6419757934214623
86,fitness_level,10.179537290344442,10.970535440525648,10.304669984679991,10.946645778101452,0.7909981501812062,0.6419757934214605
91,fitness_level,10.611992275918688,11.178904900149831,10.300039778588294,10.942015572009753,0.5669126242311435,0.6419757934214587
92,fitness_level,10.212546881102826,11.361602964313906,10.302988024687751,10.944963818109212,1.1490560832110805,0.6419757934214605
93,fitness_level,9.764209153598864,11.713765933069228,10.315161744294503,10.957137537715964,1.9495567794703632,0.6419757934214605
94,fitness_level,10.150028895291253,10.614518293082034,10.241235670869786,10.883211464291245,0.46448939779078025,0.6419757934214587
105,fitness_level,9.923245969954158,10.001551919231677,10.39068243102121,11.03265822444267,0.0783059492775191,0.6419757934214605
107,fitness_level,10.064454966820373,11.82240304792739,10.593524153043548,11.235499946465007,1.757948081107017,0.6419757934214587
115,fitness_level,10.20753124746764,10.284453135924789,10.459042134555878,11.101017927977338,0.07692188845714831,0.6419757934214605
120,fitness_level,10.051033115870958,10.205557469026763,9.799326251637616,10.441302045059077,0.15452435315580537,0.6419757934214605
121,fitness_level,10.380603478214441,10.08130643839869,10.151719549839681,10.793695343261142,-0.29929703981575173,0.6419757934214605
145,fitness_level,9.883188849666139,10.263606317108355,10.13495056281733,10.77692635623879,0.38041746744221605,0.6419757934214587
146,fitness_level,10.290465899522511,11.191391799525654,10.149742406214676,10.791718199636135,0.9009259000031431,0.6419757934214587
150,fitness_level,9.884146688927624,10.413715391732145,10.203500633956462,10.845476427377921,0.5295687028045215,0.6419757934214587
155,fitness_level,10.394818213598683,11.198689008802434,9.979572371790892,10.621548165212351,0.8038707952037516,0.6419757934214587
156,fitness_level,11.147561831715148,11.549303411628573,10.364480133549053,11.006455926970512,0.4017415799134252,0.6419757934214587
157,fitness_level,11.035919530593967,11.229208668946281,10.200777694137567,10.842753487559026,0.19328913835231454,0.6419757934214587
162,fitness_level,9.875421875898121,10.725486387370891,10.01531279574116,10.65728858916262,0.8500645114727696,0.6419757934214605
166,fitness_level,9.803526192649866,10.70052485070611,10.426752977280342,11.068728770701805,0.8969986580562441,0.6419757934214623
170,fitness_level,10.09078915504124,10.663204632451581,10.14681162945327,10.78878742287473,0.5724154774103418,0.6419757934214605
175,fitness_level,10.5815228541407,10.244332141927385,9.983682087969262,10.62565788139072,-0.33719071221331376,0.6419757934214587
176,fitness_level,10.110272367507847,11.698368771794033,10.702930405461872,11.344906198883331,1.588096404286187,0.6419757934214587
177,fitness_level,10.205229503637812,11.408238563637388,10.177714010369328,10.819689803790787,1.2030090599995766,0.6419757934214587
183,fitness_level,10.20438844036702,10.855128350247409,10.579893779725117,11.221869573146575,0.6507399098803877,0.6419757934214587
184,fitness_level,10.285789326397866,10.185036949696139,10.021139410587873,10.663115204009333,-0.10075237670172754,0.6419757934214605
185,fitness_level,10.604243463279413,10.552987052147927,9.871049875156766,10.513025668578228,-0.0512564111314866,0.6419757934214623
198,fitness_level,9.94032912754695,10.970318040346456,10.197170998534473,10.839146791955933,1.0299889127995066,0.6419757934214605
212,fitness_level,10.049630699512107,10.619200083782594,10.39219149274704,11.0341672861685,0.569569384270487,0.6419757934214605
213,fitness_level,10.196168692310678,10.858401373425767,10.065584818132109,10.70756061155357,0.6622326811150892,0.6419757934214605
219,fitness_level,9.507582323524073,10.986688833146566,10.08630809240447,10.728283885825931,1.4791065096224933,0.6419757934214605
224,fitness_level,10.669121806908615,10.806808961593006,10.12447627254087,10.76645206596233,0.1376871546843912,0.6419757934214605
231,fitness_level,10.547157928900221,10.772621610264581,9.901761888468364,10.543737681889823,0.22546368136436,0.6419757934214587
234,fitness_level,11.058640127004303,11.348809302241312,10.207159737573708,10.849135530995166,0.29016917523700947,0.6419757934214587
235,fitness_level,10.35731249227762,11.208139265752582,10.267733151974708,10.909708945396169,0.8508267734749619,0.6419757934214605
236,fitness_level,9.594469773089726,10.652543016134098,10.025214188090143,10.667189981511603,1.0580732430443724,0.6419757934214605
237,fitness_level,10.218446559208152,11.423923376978173,10.373497770113836,11.015473563535297,1.2054768177700215,0.6419757934214605
239,fitness_level,10.067039311689218,11.644339867904298,10.372301361358822,11.014277154780281,1.5773005562150804,0.6419757934214587
240,fitness_level,9.628627881606358,10.588767657806969,9.753822394928674,10.395798188350135,0.9601397762006112,0.6419757934214605
246,fitness_level,10.365608211137776,11.061022854479395,10.334323548826884,10.976299342248343,0.6954146433416195,0.6419757934214587
248,fitness_level,10.694506229365452,11.374661618551778,10.327525831505719,10.969501624927178,0.6801553891863268,0.6419757934214587
249,fitness_level,9.509411789654385,10.888577597134276,10.142997096907663,10.784972890329122,1.3791658074798914,0.6419757934214587
255,fitness_level,9.556068027533405,11.032143954803988,10.4790370819724,11.121012875393859,1.4760759272705837,0.6419757934214587
258,fitness_level,10.40521909153909,11.35186103962228,10.231715013729726,10.873690807151185,0.9466419480831902,0.6419757934214587
261,fitness_level,11.20991060650822,10.2523185459872,10.28864679385153,10.93062258727299,-0.9575920605210211,0.6419757934214605
266,fitness_level,10.61297579755135,11.17451089949364,10.504060440027594,11.146036233449054,0.5615351019422903,0.6419757934214605
270,fitness_level,9.961797039815751,10.879596929358195,9.9834567816887,10.62543257511016,0.9177998895424437,0.6419757934214605
277,fitness_level,11.197121637616933,11.579446381656686,10.303438637248878,10.945414430670336,0.38232474403975303,0.6419757934214587
289,fitness_level,11.128200278022984,12.074343231531524,10.29344989820964,10.935425691631101,0.9461429535085397,0.6419757934214605
291,fitness_level,10.073152406118792,10.514138768540972,10.263293313487472,10.90526910690893,0.4409863624221799,0.6419757934214587
293,fitness_level,10.4441622915886,11.352699933244788,10.169424700660382,10.811400494081841,0.9085376416561868,0.6419757934214587
310,fitness_level,10.543813867768566,10.053996983723964,10.18985279129998,10.831828584721439,-0.4898168840446022,0.6419757934214587
311,fitness_level,10.428727979843345,11.158324240463953,10.42259085308782,11.064566646509283,0.7295962606206086,0.6419757934214623
313,fitness_level,10.60323435751231,10.473609009594353,10.362850581570962,11.004826374992422,-0.12962534791795655,0.6419757934214605
323,fitness_level,10.677792662503393,11.14579601787083,10.243663427055917,10.885639220477376,0.4680033553674381,0.6419757934214587
324,fitness_level,11.055186654899792,10.918572055937668,10.352601597575063,10.994577390996524,-0.13661459896212413,0.6419757934214605
332,fitness_level,9.985754371032844,10.651661106377496,10.272328419390305,10.914304212811766,0.6659067353446524,0.6419757934214605
338,fitness_level,9.96678429067266,10.757283251869469,10.152222570414958,10.794198363836417,0.7904989611968087,0.6419757934214587
343,fitness_level,10.556923550399747,11.977266957417791,10.673814800566356,11.315790593987817,1.420343407018045,0.6419757934214605
344,fitness_level,9.217897704762374,10.763656417495433,9.879078939909048,10.521054733330507,1.5457587127330594,0.6419757934214587
346,fitness_level,10.105950104516737,11.006120092834301,10.258490209129361,10.900466002550822,0.9001699883175647,0.6419757934214605
350,fitness_level,11.441947738224417,11.142848762572743,10.661433244017092,11.303409037438552,-0.299098975651674,0.6419757934214605
367,fitness_level,10.040240093457347,10.376711022679572,10.074151842135768,10.716127635557227,0.33647092922222477,0.6419757934214587
372,fitness_level,10.310153411544134,10.797095760836008,10.12298468015309,10.764960473574549,0.4869423492918745,0.6419757934214587
374,fitness_level,10.544514804204404,10.687539665235247,10.073353637927726,10.715329431349186,0.14302486103084355,0.6419757934214605
391,fitness_level,10.140066052125508,10.099969570420196,10.340618245572772,10.982594038994232,-0.040096481705312215,0.6419757934214605
392,fitness_level,11.670195578816191,10.246354500752076,10.3243522791257,10.966328072547158,-1.4238410780641146,0.6419757934214587
394,fitness_level,9.878660947241203,11.602056101964948,10.302485004112475,10.944460797533933,1.723395154723745,0.6419757934214587
402,fitness_level,10.363135898164808,11.72962145593557,10.323173339708733,10.965149133130193,1.366485557770762,0.6419757934214605
403,fitness_level,10.33739012502403,11.195067526022552,10.642652174693634,11.284627968115094,0.8576774009985222,0.6419757934214605
406,fitness_level,11.195471432798024,11.121186983497116,10.537876128367012,11.17985192178847,-0.07428444930090805,0.6419757934214587
407,fitness_level,10.68145227622997,10.724735705989604,10.199651162734753,10.841626956156214,0.04328342975963295,0.6419757934214605
414,fitness_level,10.049453969654813,10.451661110338044,9.972271633894449,10.614247427315908,0.40220714068323105,0.6419757934214587
425,fitness_level,10.785818550117094,10.621494274549045,10.25117200189487,10.893147795316331,-0.16432427556804896,0.6419757934214605
435,fitness_level,9.362377191795934,11.19724260219704,10.218795497929083,10.860771291350542,1.8348654104011057,0.6419757934214587
438,fitness_level,11.350992432820686,12.054280053573377,10.57047793861336,11.212453732034819,0.7032876207526915,0.6419757934214587
444,fitness_level,9.98094639817626,10.704170527674847,10.153401509831921,10.79537730325338,0.7232241294985879,0.6419757934214587
461,fitness_level,10.505380874744608,10.012283103565954,10.029879332857943,10.671855126279402,-0.49309777117865394,0.6419757934214587
462,fitness_level,10.088072064197453,11.677101294111523,10.670623778848285,11.312599572269745,1.58902922991407,0.6419757934214605
470,fitness_level,9.822331002483805,11.591122469620704,10.007769282226105,10.649745075647564,1.7687914671368983,0.6419757934214587
476,fitness_level,9.804917486026735,11.277711503540958,10.033087823914062,10.675063617335523,1.4727940175142233,0.6419757934214605
481,fitness_level,10.81905308535022,10.379208148512214,10.321473910378442,10.963449703799903,-0.4398449368380053,0.6419757934214605
482,fitness_level,11.078424566488522,11.285309946199536,10.664814633339624,11.306790426761083,0.2068853797110144,0.6419757934214587
487,fitness_level,8.87157055709191,10.503300388988347,10.173326579896242,10.815302373317703,1.6317298318964362,0.6419757934214605
495,fitness_level,9.132478989313908,10.293023679780283,9.71503070396474,10.3570064973862,1.1605446904663754,0.6419757934214605
496,fitness_level,10.517568217813247,11.667826608821219,10.51569620038297,11.15767199380443,1.1502583910079718,0.6419757934214587
497,fitness_level,10.669858689510841,11.100734867621643,10.179726092670434,10.821701886091892,0.43087617811080214,0.6419757934214587
500,fitness_level,9.974046379591977,11.487687652065352,10.200327081576441,10.842302874997902,1.5136412724733752,0.6419757934214605
521,fitness_level,9.978736406378781,11.077905742478338,10.03712766274023,10.679103456161691,1.099169336099557,0.6419757934214605
530,fitness_level,9.757555284585152,10.986869631150158,9.93814329258422,10.58011908600568,1.2293143465650065,0.6419757934214605
536,fitness_level,9.62681468291407,10.539594410632464,10.373220055819123,11.015195849240582,0.9127797277183944,0.6419757934214587
538,fitness_level,10.132468915967895,10.457319200439503,10.404122436735179,11.04609823015664,0.3248502844716086,0.6419757934214605
543,fitness_level,9.704761612187827,10.06732594593978,9.973953593886689,10.61592938730815,0.36256433375195307,0.6419757934214605
546,fitness_level,9.658287831851354,10.809617772648204,10.017930919531752,10.659906712953212,1.1513299407968507,0.6419757934214605
553,fitness_level,10.654246975210157,11.29418396464809,10.211304392428179,10.85328018584964,0.639936989437933,0.6419757934214605
555,fitness_level,9.654590227560496,10.481843248220445,9.988762906622084,10.630738700043546,0.8272530206599491,0.6419757934214623
556,fitness_level,10.420754206040407,10.590914977795087,10.289582957649882,10.931558751071343,0.1701607717546807,0.6419757934214605
560,fitness_level,9.659120608969129,10.567926721343486,9.826188793727505,10.468164587148966,0.9088061123743572,0.6419757934214605
561,fitness_level,10.18755797070696,10.434196406859416,10.16042453343365,10.802400326855109,0.2466384361524554,0.6419757934214587
567,fitness_level,10.654373822143217,10.927443526243193,10.498719376418107,11.140695169839567,0.2730697040999761,0.6419757934214605
568,fitness_level,10.295633080428406,11.008092913851652,10.332606650158542,10.974582443580003,0.7124598334232459,0.6419757934214605
576,fitness_level,10.005842246924994,11.86798436206557,10.521054733330507,11.163030526751967,1.8621421151405766,0.6419757934214605
606,fitness_level,10.085846598949948,10.503982183818803,10.369092870302701,11.01106866372416,0.41813558486885505,0.6419757934214587
608,fitness_level,9.472060997477081,10.947313683852913,10.195939651103355,10.837915444524814,1.475252686375832,0.6419757934214587
609,fitness_level,10.404137936367851,11.741035929646818,10.263813803400799,10.905789596822258,1.336897993278967,0.6419757934214587
614,fitness_level,9.870194203155892,11.438901187445165,10.254120247994328,10.896096041415786,1.568706984289273,0.6419757934214587
615,fitness_level,9.51248019998177,10.341306290095172,9.923333979848824,10.565309773270284,0.8288260901134024,0.6419757934214605
623,fitness_level,10.921059113941743,11.49450586359909,10.41997272929723,11.061948522718689,0.5734467496573465,0.6419757934214587
625,fitness_level,11.30118682642577,10.998404226943657,10.407503826057713,11.049479619479172,-0.3027825994821125,0.6419757934214587
626,fitness_level,10.244317523703584,11.572253336359548,10.671872595617453,11.313848389038913,1.327935812655964,0.6419757934214605
628,fitness_level,10.341691548685676,11.28147162101292,10.079665804011666,10.721641597433125,0.9397800723272436,0.6419757934214587
629,fitness_level,10.265166825464265,10.850706298354721,10.23610244420281,10.878078237624269,0.5855394728904564,0.6419757934214587
635,fitness_level,10.457460353857314,10.319289803298702,10.38027801809695,11.02225381151841,-0.1381705505586126,0.6419757934214605
637,fitness_level,9.768239594180791,10.483642637808941,10.094041973523986,10.736017766945446,0.7154030436281502,0.6419757934214605
646,fitness_level,10.221956490784187,10.456161785778512,10.165783066381186,10.807758859802645,0.23420529499432519,0.6419757934214587
647,fitness_level,10.455724616554814,11.233868918201953,10.698370076722375,11.340345870143834,0.7781443016471385,0.6419757934214587
648,fitness_level,10.635042867830581,10.435677077039136,10.066295675649899,10.70827146907136,-0.199365790791445,0.6419757934214605
655,fitness_level,9.202019848020054,10.049284280347925,9.480801049789118,10.122776843210577,0.8472644323278704,0.6419757934214587
679,fitness_level,10.9078998768143,12.090827946804433,10.428399998596484,11.070375792017943,1.1829280699901332,0.6419757934214587
683,fitness_level,10.142017467273101,10.817234514414308,10.471493568457346,11.113469361878806,0.6752170471412065,0.6419757934214605
690,fitness_level,10.542406935949229,11.031362575806432,10.0225785949615,10.664554388382959,0.4889556398572026,0.6419757934214587
696,fitness_level,10.409602667368176,11.586080473705273,10.021607492487048,10.663583285908507,1.1764778063370969,0.6419757934214587
710,fitness_level,10.17314700445787,11.151749805674937,10.52986453295278,11.17184032637424,0.9786028012170664,0.6419757934214587
720,fitness_level,9.366192058286966,10.046170190817742,9.417366735978913,10.059342529400373,0.6799781325307759,0.6419757934214605
724,fitness_level,10.372017473637293,11.211555773875673,10.39607590264485,11.03805169606631,0.8395383002383809,0.6419757934214605
727,fitness_level,10.876429430687756,11.849849086532126,10.493881333383898,11.135857126805357,0.9734196558443706,0.6419757934214587
731,fitness_level,10.93247447229652,11.376289307813346,10.273524828145321,10.91550062156678,0.443814835516827,0.6419757934214587
744,fitness_level,9.886662460541586,10.446445886171325,9.918808589785428,10.560784383206887,0.5597834256297389,0.6419757934214587
760,fitness_level,10.285826775878608,12.168935141684084,10.258212494834648,10.900188288256109,1.8831083658054766,0.6419757934214605
762,fitness_level,10.196645164963806,11.476234374709277,10.420648648138917,11.062624441560377,1.2795892097454704,0.6419757934214605
764,fitness_level,10.34722024526795,10.472665123779636,10.150783386041331,10.79275917946279,0.1254448785116864,0.6419757934214587
765,fitness_level,10.692708340687656,11.085871783940176,10.21055859623429,10.852534389655748,0.3931634432525204,0.6419757934214587
767,fitness_level,10.400849640513387,11.186785089467932,10.33796518310608,10.979940976527539,0.7859354489545449,0.6419757934214587
773,fitness_level,10.461044669478209,10.735350269847634,10.608385873793095,11.250361667214554,0.2743056003694253,0.6419757934214587
776,fitness_level,10.814014091256198,12.15795595779109,10.705445508338252,11.347421301759713,1.3439418665348928,0.6419757934214605
785,fitness_level,10.094219752186234,12.111685978071767,10.687375296532585,11.329351089954045,2.017466225885533,0.6419757934214605
788,fitness_level,10.60456166465776,10.90816313632075,10.744029362359678,11.386005155781136,0.30360147166299,0.6419757934214587
794,fitness_level,10.59686542502508,10.789081811688485,10.393405370840105,11.035381164261565,0.19221638666340546,0.6419757934214605
795,fitness_level,10.408840725026124,10.753539642351486,10.175251315507095,10.817227108928554,0.3446989173253616,0.6419757934214587
797,fitness_level,10.453141115740728,11.573451427706624,10.344572532822783,10.986548326244241,1.1203103119658966,0.6419757934214587
806,fitness_level,10.59364079178134,10.626013947251922,10.135383706040406,10.777359499461864,0.03237315547058195,0.6419757934214587
809,fitness_level,9.812811668533636,11.23472915885961,10.141488035181833,10.783463828603292,1.4219174903259741,0.6419757934214587
812,fitness_level,9.339040484510644,10.885399692729303,9.981757352358409,10.62373314577987,1.546359208218659,0.6419757934214605
815,fitness_level,10.758798380033255,11.88495041608644,10.385896796001152,11.02787258942261,1.1261520360531847,0.6419757934214587
819,fitness_level,10.99619790966572,10.5494220161112,10.388134184582821,11.03010997800428,-0.44677589355451985,0.6419757934214587
822,fitness_level,10.476254853789825,10.329752826250214,10.36985613583464,11.0118319292561,-0.1465020275396114,0.6419757934214605
823,fitness_level,9.825848952683238,10.20248033796055,10.269640418247512,10.91161621166897,0.376631385277312,0.6419757934214587
827,fitness_level,11.055586192961389,10.203145156873363,10.322392604838743,10.964368398260204,-0.8524410360880257,0.6419757934214605
828,fitness_level,10.089150691875133,11.800303066681023,10.439880330023499,11.08185612344496,1.7111523748058897,0.6419757934214605
832,fitness_level,9.533371806993287,11.014849287306053,10.19061605683192,10.832591850253381,1.4814774803127655,0.6419757934214605
835,fitness_level,10.427871144111847,9.897300898928334,9.863558769655866,10.505534563077324,-0.5305702451835135,0.6419757934214587
840,fitness_level,10.132019497385704,11.129178920832443,10.460238543310894,11.102214336732352,0.9971594234467389,0.6419757934214587
845,fitness_level,10.146474781462578,9.871714860634649,10.152708121652184,10.794683915073643,-0.274759920827929,0.6419757934214587
851,fitness_level,9.199818562676121,10.912384581423783,9.928692512796362,10.57066830621782,1.712566018747662,0.6419757934214587
854,fitness_level,10.971408930110998,10.155242742240766,10.505794808033986,11.147770601455445,-0.8161661878702322,0.6419757934214587
874,fitness_level,10.574122300329025,10.81219167840467,10.729462825242894,11.371438618664355,0.23806937807564488,0.6419757934214605
897,fitness_level,10.5754675693862,10.85122796315442,10.019232144315069,10.661207937736528,0.2757603937682198,0.6419757934214587
901,fitness_level,9.67375470548631,10.791172358909126,10.19770895778585,10.83968475120731,1.117417653422816,0.6419757934214605
905,fitness_level,10.231735891970207,11.202697052713235,10.264542130256638,10.906517923678097,0.9709611607430286,0.6419757934214587
909,fitness_level,9.888749000854167,10.382120619801906,10.379271976946397,11.021247770367857,0.49337161894773907,0.6419757934214605
910,fitness_level,10.406724304985111,11.030087188062002,10.143447709468788,10.785423502890247,0.62336288307689,0.6419757934214587
911,fitness_level,9.836748829158847,10.924191021887419,10.088510542310038,10.730486335731497,1.087442192728572,0.6419757934214587
912,fitness_level,10.63860031586918,9.90986541676529,10.280530382408998,10.922506175830456,-0.7287348991038893,0.6419757934214587
915,fitness_level,10.64569823998929,11.237871794603603,10.455678214571398,11.097654007992857,0.5921735546143125,0.6419757934214587
917,fitness_level,9.216803952712109,11.572444027584696,9.736897978977964,10.378873772399423,2.3556400748725874,0.6419757934214587
918,fitness_level,9.649043852098416,11.40914919096443,10.222003988985204,10.863979782406663,1.7601053388660137,0.6419757934214587
920,fitness_level,10.380183293676211,10.159397002477595,10.241460977150348,10.883436770571809,-0.2207862911986158,0.6419757934214605
925,fitness_level,9.622857523053604,10.78936341400504,9.585872279748507,10.227848073169968,1.166505890951436,0.6419757934214605
927,fitness_level,10.430030899947102,10.560279537269201,10.085371928606119,10.727347722027577,0.13024863732209901,0.6419757934214587
932,fitness_level,10.279713694177408,11.135830448841238,10.475100264060442,11.117076057481901,0.8561167546638302,0.6419757934214587
933,fitness_level,9.73388089160288,9.572934460048774,9.867217873273109,10.50919366669457,-0.16094643155410537,0.6419757934214605
938,fitness_level,10.857985202159783,11.219156919344982,10.269397642628899,10.911373436050358,0.3611717171851989,0.6419757934214587
939,fitness_level,9.137812004882699,10.479673054829714,9.53112548019422,10.17310127361568,1.3418610499470152,0.6419757934214605
942,fitness_level,10.661183481891108,10.316824593671287,10.274703767562285,10.916679560983743,-0.34435888821982097,0.6419757934214587
943,fitness_level,10.448539646312028,10.66350602446163,10.341624286723325,10.983600080144786,0.21496637814960273,0.6419757934214605
945,fitness_level,10.480585007750285,10.708707632377388,10.581090188480132,11.223065981901591,0.22812262462710287,0.6419757934214587
951,fitness_level,10.803788143251706,10.662307113669808,9.946710316587877,10.588686110009338,-0.14148102958189845,0.6419757934214605
953,fitness_level,9.624155248634555,10.284211668364048,9.810113194884893,10.452088988306354,0.6600564197294929,0.6419757934214605
959,fitness_level,10.32664364736418,11.472141630487997,10.227517950861102,10.869493744282563,1.145497983123816,0.6419757934214605
967,fitness_level,9.738526213299338,10.431257539911636,10.015330265079209,10.65730605850067,0.6927313266122983,0.6419757934214605
969,fitness_level,10.708522990054536,10.678686954079817,10.829227930268896,11.471203723690357,-0.02983603597471962,0.6419757934214605
970,fitness_level,10.205120797184026,10.34387212475783,10.261143271596056,10.903119065017515,0.1387513275738037,0.6419757934214587
974,fitness_level,11.032566029072393,10.724734876220126,10.135904195953733,10.777879989375192,-0.3078311528522679,0.6419757934214587
989,fitness_level,9.363470757357556,9.983160431106375,10.006833118427753,10.648808911849214,0.6196896737488196,0.6419757934214605
990,fitness_level,10.15679536754842,10.69564682277651,10.090695522877555,10.732671316299015,0.5388514552280892,0.6419757934214605
991,fitness_level,9.820734374201232,10.101862057437307,9.895675028664987,10.537650822086446,0.2811276832360754,0.6419757934214587
995,fitness_level,10.148431792680833,10.072237566302485,9.910727117018995,10.552702910440455,-0.07619422637834816,0.6419757934214605
997,fitness_level,10.49996673359123,11.085413777790658,10.344312287866119,10.98628808128758,0.5854470441994284,0.6419757934214605
999,fitness_level,9.955252861693006,11.07692186780768,10.435718205830977,11.077693999252435,1.121669006114674,0.6419757934214587
1001,fitness_level,9.798317381594908,11.04446538132274,10.064370940039042,10.706346733460505,1.2461479997278317,0.6419757934214623
1002,fitness_level,9.610634407578841,10.841273171989917,9.5661899853028,10.208165778724261,1.2306387644110757,0.6419757934214605
1007,fitness_level,10.495308811055198,11.688299197413052,10.312230967533099,10.954206760954557,1.1929903863578541,0.6419757934214587
1013,fitness_level,9.829635917088027,11.30717136587346,10.04253860370192,10.68451439712338,1.4775354487854333,0.6419757934214587
1015,fitness_level,10.762886617561877,10.605446741228207,10.408925541093287,11.05090133451475,-0.15743987633367063,0.6419757934214623
1020,fitness_level,11.106525862326295,10.05997529174126,10.449105803530793,11.091081596952256,-1.046550570585035,0.6419757934214623
1027,fitness_level,10.891417024257917,11.690887932491979,10.52908379808279,11.171059591504248,0.7994709082340616,0.6419757934214587
1036,fitness_level,10.787432779352311,11.31283565798802,10.565362181284437,11.207337974705895,0.5254028786357079,0.6419757934214587
1044,fitness_level,10.521948248333752,10.176692871875561,10.20252953148201,10.84450532490347,-0.3452553764581907,0.6419757934214587
1054,fitness_level,10.556330141570777,10.615108017066731,10.7491451196886,11.39112091311006,0.058777875495954035,0.6419757934214587
1056,fitness_level,11.05503982626714,11.475106858869278,10.400185618823219,11.04216141224468,0.4200670326021374,0.6419757934214605
1066,fitness_level,10.385626177856784,11.567425701463511,10.464903688078694,11.106879481500153,1.1817995236067276,0.6419757934214587
1072,fitness_level,9.733710700954486,10.878996983723965,10.133163786796787,10.775139580218248,1.1452862827694794,0.6419757934214605
1077,fitness_level,9.484516785807141,11.344135737302265,10.194310099125266,10.836285892546728,1.8596189514951238,0.6419757934214623
1081,fitness_level,10.286088034689751,10.925531924634358,10.4240824454756,11.06605823889706,0.6394438899446069,0.6419757934214605
1092,fitness_level,10.689936337389272,11.306678249691217,10.364965684786279,11.006941478207738,0.6167419123019453,0.6419757934214587
1093,fitness_level,10.463948578657325,11.438369281903366,10.570425530599207,11.212401324020666,0.9744207032460412,0.6419757934214587
1100,fitness_level,9.587294184402257,10.550956147901584,10.153401509831921,10.79537730325338,0.9636619634993266,0.6419757934214587
1101,fitness_level,9.50612715799472,10.433747441108867,9.950456766895375,10.592432560316835,0.9276202831141465,0.6419757934214605
1102,fitness_level,10.654220588319895,12.003984366195466,10.420631178800866,11.062606972222326,1.3497637778755713,0.6419757934214605
1104,fitness_level,10.134386086633729,10.484401047570785,10.40578692738937,11.04776272081083,0.350014960937056,0.6419757934214605
1108,fitness_level,10.578295883852597,10.736737227888472,9.959855138669083,10.601830932090545,0.15844134403587518,0.6419757934214623
1111,fitness_level,10.58979249148546,11.593451417381893,10.722422332303116,11.364398125724577,1.003658925896433,0.6419757934214605
1113,fitness_level,9.519716739701398,10.74992405620984,10.144921832518516,10.786897625939977,1.2302073165084426,0.6419757934214605
1130,fitness_level,10.670377354892777,11.917381374867906,10.406272478626596,11.048248272048058,1.2470040199751296,0.6419757934214623
1131,fitness_level,10.411280578306686,10.478646686862676,10.33409824254632,10.976074035967782,0.06736610855599068,0.6419757934214623
1132,fitness_level,10.160897008672437,10.923705453961269,10.122534067591966,10.764509861013426,0.7628084452888313,0.6419757934214605
1143,fitness_level,10.963311814941552,10.814335818850568,10.474649651499316,11.116625444920777,-0.148975996090984,0.6419757934214605
1144,fitness_level,9.238219929737701,11.3909317823561,10.195974589779459,10.837950383200917,2.152711852618399,0.6419757934214587
1149,fitness_level,10.042455821707906,10.705972425664338,10.065897471102923,10.707873264524382,0.6635166039564329,0.6419757934214587
1155,fitness_level,11.174840702142363,11.23936809686161,10.816793965705479,11.45876975912694,0.06452739471924573,0.6419757934214605
1156,fitness_level,10.49532073042881,10.632278557131261,10.514257016009342,11.156232809430803,0.13695782670245116,0.6419757934214605
1161,fitness_level,10.946324259217823,11.618163617012787,10.811417963419894,11.453393756841352,0.6718393577949637,0.6419757934214587
1162,fitness_level,10.721869125001366,11.389201423661406,10.344572532822783,10.986548326244241,0.6673322986600407,0.6419757934214587
1175,fitness_level,9.615020847250557,10.667638944027495,9.8353443898826,10.477320183304059,1.0526180967769374,0.6419757934214587
1176,fitness_level,10.113515475176284,10.615935633039548,10.362988541161272,11.004964334582732,0.5024201578632645,0.6419757934214605
1177,fitness_level,9.855764783131566,10.790578443931368,10.181650828281288,10.823626621702747,0.9348136607998025,0.6419757934214587
1186,fitness_level,11.481279896840727,10.808858345071336,10.646033564016166,11.288009357437625,-0.672421551769391,0.6419757934214587
1205,fitness_level,10.538130377617673,11.133992934670232,10.477545489584621,11.119521283006081,0.5958625570525591,0.6419757934214605
1208,fitness_level,9.501594600573611,10.58448555347152,9.91823569185795,10.56021148527941,1.082890952897909,0.6419757934214605
1212,fitness_level,10.490151216439093,10.743877003581042,9.845836149497112,10.487811942918572,0.25372578714194916,0.6419757934214605
1215,fitness_level,10.407368119576024,10.68135599529859,10.463204258748403,11.105180052169862,0.27398787572256644,0.6419757934214587
1218,fitness_level,9.519557287176054,10.771845762985627,10.445672006194112,11.08764779961557,1.2522884758095731,0.6419757934214587
1220,fitness_level,11.211084156992644,11.218600276127148,10.530350084190006,11.172325877611465,0.007516119134503896,0.6419757934214587
1221,fitness_level,10.653450585208773,11.062421004321664,10.528182572960539,11.170158366381997,0.4089704191128902,0.6419757934214587
1231,fitness_level,10.54616902865975,10.31487702043931,10.02890823038349,10.67088402380495,-0.23129200822043927,0.6419757934214605
1238,fitness_level,10.684577120572131,10.148200261334065,10.380555732391665,11.022531525813124,-0.5363768592380662,0.6419757934214587
1244,fitness_level,10.678349289032303,11.250051732912377,9.903704093417268,10.545679886838727,0.5717024438800742,0.6419757934214587
1246,fitness_level,10.285588707726573,11.258500997334906,10.258455270453261,10.900431063874722,0.9729122896083329,0.6419757934214605
1249,fitness_level,10.773421535249815,11.432803066681023,10.501424846898953,11.143400640320412,0.6593815314312081,0.6419757934214587
1254,fitness_level,9.587297732114488,10.451888944112165,10.045416972449177,10.687392765870637,0.8645912119976771,0.6419757934214605
1255,fitness_level,9.888839382743674,10.563332977891704,10.010682589649461,10.65265838307092,0.6744935951480304,0.6419757934214587
1256,fitness_level,10.063971608284545,10.598121957446422,10.107967530475182,10.749943323896643,0.5341503491618766,0.6419757934214605
1259,fitness_level,10.501098469841583,10.375827789733087,10.032011905411307,10.67398769883277,-0.12527068010849618,0.6419757934214623
1266,fitness_level,9.975187484669272,11.420626999705165,10.383486509153071,11.025462302574532,1.4454395150358934,0.6419757934214605
1271,fitness_level,10.030368957774636,9.766770481568866,10.107707285518519,10.749683078939977,-0.2635984762057699,0.6419757934214587
1273,fitness_level,9.86167555084103,11.090098603690471,10.352098576999788,10.994074370421247,1.2284230528494415,0.6419757934214587
1290,fitness_level,10.393985034933051,11.548745073090299,10.446730455358816,11.088706248780277,1.1547600381572476,0.6419757934214605
1300,fitness_level,11.08106971648966,10.890457304034086,10.428434937272586,11.070410730694045,-0.19061241245557348,0.6419757934214587
1301,fitness_level,10.458257560899801,10.738555094305312,10.232478279261667,10.874454072683127,0.2802975334055109,0.6419757934214605
1311,fitness_level,9.96378479235286,10.139198570143517,9.882738043526295,10.524713836947756,0.17541377779065748,0.6419757934214605
1312,fitness_level,9.577430956377821,11.589904061781871,10.05833648824982,10.70031228167128,2.01247310540405,0.6419757934214605
1315,fitness_level,9.948654590560402,10.399035279663103,10.200292142900341,10.8422679363218,0.4503806891027011,0.6419757934214587
1336,fitness_level,9.968874676861406,10.697504868498477,9.845072883965171,10.487048677386632,0.7286301916370714,0.6419757934214605
1342,fitness_level,10.574436477263655,12.075115918360817,10.258229964172699,10.900205757594158,1.5006794410971622,0.6419757934214587
1350,fitness_level,11.119044861992347,11.99121774150489,10.612443181957314,11.254418975378774,0.8721728795125436,0.6419757934214605
1357,fitness_level,10.799807113669807,11.330268111315998,10.711757674422191,11.353733467843652,0.5304609976461911,0.6419757934214605
1358,fitness_level,10.47582761201227,11.197950062709756,10.689127133877028,11.331102927298486,0.7221224506974853,0.6419757934214587
1360,fitness_level,10.220483358535828,10.914814492972921,10.694936279385692,11.33691207280715,0.6943311344370926,0.6419757934214587
1368,fitness_level,10.362336531798775,10.557667496605491,10.074134372797717,10.716110166219178,0.19533096480671652,0.6419757934214605
1373,fitness_level,9.728056455172283,11.160695382510852,10.236310281145323,10.878286074566782,1.4326389273385693,0.6419757934214587
1374,fitness_level,10.586572582397228,10.59197647729106,10.49336084347057,11.13533663689203,0.005403894893833083,0.6419757934214587
1379,fitness_level,9.758060307412636,10.126811493047114,9.8521657849191,10.494141578340562,0.36875118563447806,0.6419757934214623
1384,fitness_level,10.574900675101535,10.703062481868209,10.541309925703692,11.183285719125152,0.12816180676667344,0.6419757934214605
1401,fitness_level,10.255127848059166,11.142358188169336,10.473192997787637,11.115168791209099,0.88723034011017,0.6419757934214623
1405,fitness_level,10.049326945000937,10.90478291948095,10.109874796747985,10.751850590169445,0.8554559744800123,0.6419757934214605
1408,fitness_level,10.748400376260207,10.781782081282337,10.158742573441408,10.800718366862867,0.03338170502212989,0.6419757934214587
1411,fitness_level,10.111245488923426,11.218827787837485,10.406983336144384,11.048959129565844,1.1075822989140587,0.6419757934214605
1416,fitness_level,9.616775034367745,10.24236273064348,9.853812806235242,10.4957885996567,0.6255876962757352,0.6419757934214587
1425,fitness_level,9.659090538791505,10.888639767602127,10.143707954425452,10.785683747846912,1.2295492288106225,0.6419757934214605
1440,fitness_level,10.603147347171122,11.659409781037986,10.071724085949638,10.713699879371097,1.0562624338668645,0.6419757934214587
1441,fitness_level,9.911518324394935,11.097432627088248,10.240194691043131,10.882170484464593,1.1859143026933125,0.6419757934214623
1452,fitness_level,10.736314674484936,10.102533582108368,10.394151167033995,11.036126960455453,-0.6337810923765677,0.6419757934214587
1453,fitness_level,10.636056599176559,11.079485695410847,10.252698532958751,10.89467432638021,0.44342909623428817,0.6419757934214587
1457,fitness_level,10.29818430323145,11.4710566015802,10.072452412805477,10.714428206226936,1.17287229834875,0.6419757934214587
1461,fitness_level,9.769763077317045,11.36805726825284,10.254380492950991,10.896356286372452,1.5982941909357962,0.6419757934214605
1463,fitness_level,9.60799075212422,10.544749333412035,10.12300214949114,10.7649779429126,0.9367585812878154,0.6419757934214587
1469,fitness_level,10.088543339924133,11.582045012360812,10.08240621316861,10.72438200659007,1.493501672436679,0.6419757934214587
1473,fitness_level,9.873337539458413,11.064122628756994,10.467764587487899,11.109740380909358,1.190785089298581,0.6419757934214587
1475,fitness_level,9.678959007444972,10.219460667491967,10.247773143234287,10.889748936655748,0.5405016600469956,0.6419757934214605
1483,fitness_level,10.930953781439914,11.227464185448202,10.546911234269844,11.188887027691303,0.29651040400828776,0.6419757934214587
1487,fitness_level,9.957347928334677,10.535483341846906,10.436498940700968,11.078474734122427,0.5781354135122285,0.6419757934214587
1495,fitness_level,10.59354804343017,10.875306085191355,10.655311445537613,11.297287238959074,0.2817580417611847,0.6419757934214605
1499,fitness_level,10.744897353619987,11.599242767528175,10.431816326595117,11.073792120016579,0.8543454139081881,0.6419757934214623
1501,fitness_level,10.374957832727944,11.707228644789732,10.407764071014375,11.049739864435836,1.3322708120617879,0.6419757934214605
1502,fitness_level,10.379037301007875,10.637708317634548,10.143673015749352,10.78564880917081,0.258671016626673,0.6419757934214587
1520,fitness_level,11.094583147268057,11.31284221544275,10.460551196281708,11.102526989703168,0.21825906817469232,0.6419757934214605
1526,fitness_level,9.50969371403472,10.775992261464058,9.899576907900846,10.541552701322304,1.2662985474293382,0.6419757934214587
1541,fitness_level,10.015675046926535,10.53244453373349,10.211061616809566,10.853037410231027,0.5167694868069539,0.6419757934214605
1557,fitness_level,9.649564687128636,10.394639761407287,10.237281383619775,10.879257177041236,0.7450750742786507,0.6419757934214605
1558,fitness_level,9.60087012836177,10.558513265785962,9.975202410655855,10.617178204077318,0.957643137424192,0.6419757934214623
1563,fitness_level,9.466870955896947,10.080577772790141,9.973052368764439,10.615028162185897,0.6137068168931936,0.6419757934214587
1568,fitness_level,9.679523336897683,11.342431439473499,10.123314802461955,10.765290595883416,1.6629081025758161,0.6419757934214605
1570,fitness_level,9.547706977755734,10.991306260677874,10.170933762386213,10.812909555807671,1.4435992829221398,0.6419757934214587
1571,fitness_level,10.189072423768978,11.668551068304685,10.262564986631633,10.904540780053091,1.4794786445357069,0.6419757934214587
1573,fitness_level,9.855730686953319,10.024328280919201,9.97006918398888,10.61204497741034,0.1685975939658828,0.6419757934214605
1575,fitness_level,10.302758572689333,10.367864582696573,10.220026845360199,10.862002638781657,0.06510601000723959,0.6419757934214587
1586,fitness_level,10.48254064967243,11.330941858105758,10.43915200316766,11.08112779658912,0.8484012084333283,0.6419757934214605
1595,fitness_level,10.035145800492895,11.666839857579564,10.936449202119704,11.578424995541162,1.6316940570866691,0.6419757934214587
1604,fitness_level,10.127018652484212,10.847310132180139,10.160459472109752,10.802435265531212,0.720291479695927,0.6419757934214605
1606,fitness_level,10.073717584433544,11.289036283192848,10.0505327297781,10.69250852319956,1.2153186987593045,0.6419757934214605
1608,fitness_level,9.771175559100817,11.08893143930415,10.043769951133036,10.685745744554497,1.3177558802033325,0.6419757934214605
1613,fitness_level,9.965745789829702,11.103529050128305,10.18969736237162,10.831673155793078,1.1377832602986029,0.6419757934214587
1614,fitness_level,9.650131383043016,10.931379181997158,10.335294651301338,10.977270444722796,1.2812477989541424,0.6419757934214587
1621,fitness_level,9.826723126138194,11.888474449412756,10.20105540843228,10.84303120185374,2.061751323274562,0.6419757934214605
1631,fitness_level,10.615732348895914,11.582890267471402,10.6214957571982,11.26347155061966,0.9671579185754879,0.6419757934214587
1639,fitness_level,9.320158944819648,10.877876999451146,10.265027681493864,10.907003474915323,1.5577180546314988,0.6419757934214587
1640,fitness_level,10.708720425223058,11.380901705814287,10.247027347040397,10.889003140461856,0.6721812805912286,0.6419757934214587
1642,fitness_level,9.435388929149495,10.114195384237107,10.034544477625742,10.6765202710472,0.6788064550876118,0.6419757934214587
1653,fitness_level,9.407678583805986,9.388684769299509,10.168558414214234,10.810534207635692,-0.018993814506476525,0.6419757934214587
1655,fitness_level,10.747330462957171,10.593658576818989,9.921964672827398,10.563940466248857,-0.1536718861381825,0.6419757934214587
1656,fitness_level,10.54557879300881,10.992927559880794,10.376185771256631,11.01816156467809,0.44734876687198444,0.6419757934214587
1659,fitness_level,10.39433349849512,10.966272329492064,10.077065149559123,10.719040942980582,0.5719388309969435,0.6419757934214587
1661,fitness_level,10.397282258664458,10.454655740159367,9.94601692840814,10.5879927218296,0.05737348149490984,0.6419757934214605
1663,fitness_level,10.035508892603499,11.054345413908186,10.411891256530797,11.053867049952258,1.0188365213046868,0.6419757934214605
1665,fitness_level,10.669057456467735,12.034615738575054,10.364740378505715,11.006716171927176,1.3655582821073189,0.6419757934214605
1669,fitness_level,9.479774865076063,11.229896998178354,10.164621596302274,10.806597389723732,1.7501221331022911,0.6419757934214587
1670,fitness_level,9.60201931089706,10.296562479633915,10.219836477755736,10.861812271177195,0.6945431687368551,0.6419757934214587
1678,fitness_level,9.4121624816991,10.161759411057291,9.980976617488418,10.622952410909878,0.7495969293581908,0.6419757934214605
1686,fitness_level,9.570708668776936,10.295131194997468,10.120591862643062,10.76256765606452,0.7244225262205326,0.6419757934214587
1695,fitness_level,10.674568044391673,11.530119781772639,10.694658565090975,11.336634358512436,0.8555517373809653,0.6419757934214605
1709,fitness_level,10.32755980796673,11.374859030667189,10.164136045065048,10.806111838486506,1.0472992227004578,0.6419757934214587
1711,fitness_level,9.429960180097048,11.51254281536017,10.156575062211942,10.798550855633403,2.0825826352631225,0.6419757934214605
1712,fitness_level,9.383623836513172,10.077444721779036,9.912912097586512,10.554887891007974,0.6938208852658647,0.6419757934214623
1714,fitness_level,10.377737719074588,11.171685471922983,10.208633860623436,10.850609654044897,0.7939477528483945,0.6419757934214605
1717,fitness_level,10.090649199562911,10.990184297205957,10.448134701056341,11.090110494477804,0.8995350976430458,0.6419757934214623
1718,fitness_level,10.197029558003344,11.742385887924751,10.448412415351056,11.090388208772517,1.5453563299214075,0.6419757934214605
1723,fitness_level,9.938898518012277,10.696131876632776,10.62950735261243,11.271483146033889,0.7572333586204998,0.6419757934214587
1726,fitness_level,10.797979349224128,10.107451940050254,10.320450399889838,10.9624261933113,-0.6905274091738747,0.6419757934214623
1729,fitness_level,10.121197416245305,11.3099287469875,10.356000456235646,10.997976249657107,1.1887313307421952,0.6419757934214605
1736,fitness_level,9.526097782011432,10.960080304582943,10.029133536664052,10.67110933008551,1.4339825225715117,0.6419757934214587
1739,fitness_level,9.639048045495116,11.452331807643269,10.163633024489771,10.80560881791123,1.8132837621481528,0.6419757934214587
1740,fitness_level,10.090357861806313,11.06398671356457,9.814725931638542,10.456701725060002,0.9736288517582583,0.6419757934214605
1742,fitness_level,10.060637106429025,11.470430615729516,9.756320028467007,10.398295821888466,1.4097935093004903,0.6419757934214587
1744,fitness_level,10.624098116464896,10.286951089123267,9.872090854983421,10.51406664840488,-0.33714702734162927,0.6419757934214587
1747,fitness_level,10.436053764751232,11.5620169365143,10.498719376418107,11.140695169839567,1.1259631717630683,0.6419757934214605
1753,fitness_level,10.23645495202705,10.792855320027469,10.27208564377169,10.914061437193153,0.5564003680004195,0.6419757934214623
1758,fitness_level,9.838159101552298,11.195531414525025,10.073198208999367,10.715174002420827,1.3573723129727266,0.6419757934214605
1763,fitness_level,10.613414833452119,10.836366923870834,10.33796518310608,10.979940976527539,0.22295209041871544,0.6419757934214587
1787,fitness_level,10.786724459652817,11.399963859423872,10.105990386850175,10.747966180271638,0.6132393997710555,0.6419757934214623
1790,fitness_level,10.22029131470349,11.495446718175097,10.472186956637085,11.114162750058544,1.275155403471608,0.6419757934214587
1791,fitness_level,10.255124006143546,11.538653384699826,10.489927046133886,11.131902839555346,1.2835293785562794,0.6419757934214605
1799,fitness_level,10.039216062534678,10.405868771794035,10.312976763726986,10.954952557148447,0.3666527092593572,0.6419757934214605
1805,fitness_level,10.421469751932213,11.593338856284113,10.270628990060013,10.912604783481475,1.1718691043519005,0.6419757934214623
1811,fitness_level,9.889582666576025,10.89480155338064,10.438666451930434,11.080642245351894,1.0052188868046148,0.6419757934214605
1815,fitness_level,10.1696381225178,9.953558955313493,10.150453263732464,10.792429057153926,-0.2160791672043061,0.6419757934214623
1818,fitness_level,10.88718313694356,10.801090706526281,10.59302113246827,11.23499692588973,-0.08609243041727943,0.6419757934214605
1827,fitness_level,9.926015955868316,10.557356154096189,10.416538931960547,11.058514725382006,0.631340198227873,0.6419757934214587
1829,fitness_level,9.662448935825205,10.990961016400059,9.774320362920474,10.416296156341934,1.3285120805748534,0.6419757934214605
1830,fitness_level,10.249217918887009,11.36008148342986,10.015520632683671,10.657496426105132,1.1108635645428517,0.6419757934214605
1834,fitness_level,11.390511779499235,11.35296991760204,10.499360356583693,11.141336150005154,-0.03754186189719455,0.6419757934214605
1836,fitness_level,9.527867638545295,10.378317713983426,9.54886556969102,10.190841363112481,0.8504500754381308,0.6419757934214605
1838,fitness_level,9.756978163843675,10.745022498868417,10.050775505396713,10.692751298818173,0.9880443350247425,0.6419757934214605
1840,fitness_level,9.830003871332917,10.509885904613672,10.151719549839681,10.793695343261142,0.6798820332807551,0.6419757934214605
1841,fitness_level,8.766768997347084,9.994337524495743,9.774563138539087,10.416538931960547,1.2275685271486587,0.6419757934214605
1844,fitness_level,11.575721437012593,11.44444320847865,10.296085491338284,10.938061284759742,-0.13127822853394377,0.6419757934214587
1849,fitness_level,10.571596275244582,11.359714858739046,10.443001474389368,11.084977267810826,0.7881185834944642,0.6419757934214587
1851,fitness_level,10.304582676900756,11.025279896671378,9.838968554823746,10.480944348245204,0.7206972197706225,0.6419757934214587
1857,fitness_level,10.18971168952156,10.238848957151825,10.344762900427245,10.986738693848704,0.0491372676302646,0.6419757934214587
1859,fitness_level,10.280090051904631,10.51805140499245,10.306820026571408,10.948795819992869,0.23796135308781885,0.6419757934214605
1860,fitness_level,10.916815512683547,11.13645530350813,10.158066654599722,10.80004244802118,0.21963979082458351,0.6419757934214587
1863,fitness_level,9.743108702154545,9.942604824796131,10.010422344692797,10.652398138114258,0.19949612264158567,0.6419757934214605
1866,fitness_level,10.67269437691616,10.72030507770106,10.66604598077074,11.3080217741922,0.04761070078489915,0.6419757934214605
1867,fitness_level,9.552237733698565,10.246891634194522,9.803748620786802,10.445724414208263,0.6946539004959575,0.6419757934214605
1868,fitness_level,10.843510916013217,11.329628352143006,10.219784069741586,10.861759863163044,0.4861174361297884,0.6419757934214587
1879,fitness_level,9.951557782492069,10.833094763839801,10.065376981189598,10.707352774611058,0.8815369813477325,0.6419757934214605
1886,fitness_level,9.344077154288673,10.883811829734874,9.84330357728268,10.485279370704138,1.5397346754462014,0.6419757934214587
1892,fitness_level,10.068059141294095,11.307092399612426,10.292010713836012,10.933986507257472,1.2390332583183312,0.6419757934214605
1895,fitness_level,10.631055134047344,10.263505872197568,10.264246946623873,10.906222740045331,-0.367549261849776,0.6419757934214587
1900,fitness_level,9.615494629821326,10.103260243061063,9.84261018910294,10.484585982524399,0.48776561323973766,0.6419757934214587
1909,fitness_level,9.926000319829491,11.12404788050268,10.160459472109752,10.802435265531212,1.1980475606731886,0.6419757934214605
1910,fitness_level,10.042795196361142,10.35792287942787,10.058353957587869,10.70032975100933,0.3151276830667271,0.6419757934214605
1920,fitness_level,10.436671545489878,10.565213702606545,10.124719048159482,10.766694841580943,0.1285421571166676,0.6419757934214605
1928,fitness_level,10.410378362383067,10.835243434031463,10.056411752638963,10.698387546060426,0.42486507164839615,0.6419757934214623
1933,fitness_level,10.441671357444328,10.917676736221482,10.276473074244779,10.918448867666237,0.4760053787771543,0.6419757934214587
1936,fitness_level,10.558157774401865,11.103703794422314,10.361774663068207,11.003750456489668,0.5455460200204492,0.6419757934214605
1942,fitness_level,10.214423234700151,10.464155560373605,10.055631017768974,10.697606811190434,0.24973232567345427,0.6419757934214605
1944,fitness_level,9.996752345050135,10.749698898232792,9.791852615474763,10.433828408896224,0.7529465531826567,0.6419757934214605
1949,fitness_level,9.435284798547698,10.442173061193904,9.679705953899497,10.321681747320955,1.0068882626462052,0.6419757934214587
1952,fitness_level,10.525281907691415,10.279170837010257,10.516737180209622,11.158712973631085,-0.24611107068115778,0.6419757934214623
1955,fitness_level,9.884571560282964,11.511577446935158,10.308086312678626,10.950062106100086,1.627005886652194,0.6419757934214605
1957,fitness_level,9.906123815863705,10.497191346016148,10.480216021389364,11.122191814810824,0.5910675301524435,0.6419757934214605
1961,fitness_level,10.239719457644146,9.748553257045538,10.09910532283876,10.741081116260219,-0.4911662005986077,0.6419757934214587
1971,fitness_level,10.127383554840927,10.543149508898319,10.317814806761197,10.959790600182655,0.4157659540573917,0.6419757934214587
1979,fitness_level,10.874291166230625,11.667649855910811,10.249732817521243,10.891708610942702,0.7933586896801863,0.6419757934214587
1984,fitness_level,10.662622482179733,11.092263938907463,10.373220055819122,11.01519584924058,0.4296414567277296,0.6419757934214587
1985,fitness_level,10.441834357681897,10.478013250992639,9.928935288414975,10.570911081836433,0.03617889331074231,0.6419757934214587
1987,fitness_level,9.116374156427339,10.966375966673448,9.86385395328863,10.50582974671009,1.850001810246109,0.6419757934214605
1989,fitness_level,10.51021352488573,11.545183270623099,10.648791442511163,11.290767235932622,1.034969745737369,0.6419757934214587
1994,fitness_level,10.010251509085817,10.735297362048883,10.230986686873887,10.872962480295346,0.7250458529630652,0.6419757934214587
1995,fitness_level,10.161330323252137,10.515065360334809,10.184771972647157,10.826747766068616,0.3537350370826715,0.6419757934214587
2002,fitness_level,10.373728519369978,10.08635904322622,9.97560061520283,10.61757640862429,-0.2873694761437573,0.6419757934214605
2006,fitness_level,10.097914321277834,11.689886230638002,10.503574888790368,11.145550682211828,1.5919719093601685,0.6419757934214605
2008,fitness_level,10.6080021908058,10.40561557771251,10.238252486094227,10.880228279515688,-0.20238661309329053,0.6419757934214605
2011,fitness_level,10.047917007399647,11.09707038143604,10.348179228425877,10.990155021847338,1.0491533740363934,0.6419757934214605
2017,fitness_level,10.006334012903695,10.477446057697298,10.246038775227897,10.888014568649355,0.47111204479360325,0.6419757934214587
2023,fitness_level,11.089331826227792,10.975047374523239,10.03376374275575,10.675739536177211,-0.11428445170455248,0.6419757934214605
2026,fitness_level,11.142198097880616,10.499483515437825,10.27425315500116,10.916228948422619,-0.6427145824427907,0.6419757934214587
2027,fitness_level,9.186937507807057,11.03926074061137,10.06317453128403,10.705150324705489,1.8523232328043129,0.6419757934214587
2030,fitness_level,10.562133402322841,10.658039295169642,10.195731814160846,10.837707607582304,0.09590589284680107,0.6419757934214587
2033,fitness_level,10.824802755280668,10.747192205202923,10.653819853149834,11.295795646571294,-0.07761055007774509,0.6419757934214605
2035,fitness_level,9.693413809272903,11.1815045343837,10.305831454758904,10.947807248180366,1.4880907251107978,0.6419757934214623
2043,fitness_level,10.307718249041235,10.12719319996484,10.019700226214244,10.661676019635705,-0.18052504907639566,0.6419757934214605
2045,fitness_level,10.196478652795495,10.739603499541298,10.063417306902641,10.7053931003241,0.543124846745803,0.6419757934214587
2047,fitness_level,9.786378686173103,11.076228473263754,10.378127976205535,11.020103769626994,1.2898497870906507,0.6419757934214587
2049,fitness_level,9.570298893933789,11.464037455675582,10.03209925210156,10.674075045523018,1.8937385617417934,0.6419757934214587
2050,fitness_level,9.821173228420637,9.829779894606432,9.682151179423677,10.324126972845137,0.008606666185794865,0.6419757934214605
2059,fitness_level,10.235526361941547,10.619688985918671,10.458401154390293,11.100376947811752,0.3841626239771241,0.6419757934214587
2063,fitness_level,10.150784760870616,11.024555424459537,9.923438795877127,10.565414589298587,0.8737706635889211,0.6419757934214605
2070,fitness_level,10.944178243327027,11.787405562692575,10.723185597835057,11.365161391256516,0.843227319365548,0.6419757934214587
2081,fitness_level,9.927226980443494,9.992890940169532,9.77945358958745,10.421429383008908,0.065663959726038,0.6419757934214587
2084,fitness_level,9.533729497442973,10.814904542473908,10.409966520919944,11.051942314341405,1.2811750450309347,0.6419757934214605
2094,fitness_level,10.8091154271747,10.553856495083188,10.673103943048567,11.315079736470027,-0.25525893209151107,0.6419757934214605
2098,fitness_level,10.370099295481166,11.353315004808506,10.20495728766814,10.846933081089599,0.9832157093273395,0.6419757934214587
2108,fitness_level,9.976809120221258,11.594474934234684,10.386902837151704,11.028878630573166,1.6176658140134261,0.6419757934214623
2118,fitness_level,9.748480168330177,11.813609032647465,10.225923337559115,10.867899130980573,2.0651288643172876,0.6419757934214587
2122,fitness_level,10.13969490164947,11.108742087957811,10.06560228747016,10.707578080891619,0.969047186308341,0.6419757934214587
2127,fitness_level,10.5512234373692,11.042128684531525,10.354786578142582,10.99676237156404,0.4909052471623241,0.6419757934214587
2128,fitness_level,10.370819563971574,10.542764605749445,10.138557258420425,10.780533051841887,0.17194504177787096,0.6419757934214623
2134,fitness_level,10.446115435434487,10.836390785671174,10.037665621991609,10.67964141541307,0.3902753502366867,0.6419757934214605
2138,fitness_level,9.87634460908742,10.60316768911963,10.162557105987014,10.804532899408475,0.7268230800322097,0.6419757934214605
2141,fitness_level,9.772805265746609,10.743769122936186,10.361584295463745,11.003560088885205,0.9709638571895773,0.6419757934214605
2149,fitness_level,9.46762232114784,10.390200107005052,10.303386229234725,10.945362022656184,0.9225777858572126,0.6419757934214587
2151,fitness_level,10.726671712885954,10.576001179016268,9.974664451404479,10.61664024482594,-0.1506705338696861,0.6419757934214605
2152,fitness_level,9.823216562149929,9.94318515209349,10.025249126766244,10.667224920187703,0.11996858994356074,0.6419757934214587
2156,fitness_level,9.918089886573494,11.516393969173947,10.04328439989581,10.685260193317271,1.5983040826004533,0.6419757934214605
2170,fitness_level,10.395292687960147,11.543083828903363,10.311450232663107,10.953426026084566,1.147791140943216,0.6419757934214587
2175,fitness_level,9.692381899262518,10.507164482394403,9.938681251835598,10.580657045257057,0.8147825831318851,0.6419757934214587
2178,fitness_level,10.45112132415163,11.216332311219066,10.177210989794052,10.819186783215512,0.7652109870674355,0.6419757934214605
2182,fitness_level,10.018320565097678,10.593509220692773,10.103354793721534,10.745330587142996,0.5751886555950954,0.6419757934214623
2184,fitness_level,10.888592399443077,10.841903223583259,10.300004839912193,10.941980633333651,-0.04668917585981802,0.6419757934214587
2185,fitness_level,10.62052873872795,10.417377839884054,10.051781546547266,10.693757339968728,-0.20315089884389614,0.6419757934214623
2192,fitness_level,10.764343068095988,11.110911942595834,10.330213832648512,10.972189626069973,0.3465688744998463,0.6419757934214605
2193,fitness_level,9.071964549149618,11.061350135998746,9.937224598123919,10.57920039154538,1.989385586849128,0.6419757934214605
2199,fitness_level,10.400995277570747,10.567975607102163,10.111418797149918,10.753394590571377,0.16698032953141606,0.6419757934214587
2205,fitness_level,10.043382557844714,10.973886410593112,10.305641087154443,10.947616880575904,0.930503852748398,0.6419757934214605
2211,fitness_level,10.995908786106725,10.50963794083644,10.336959141955525,10.978934935376985,-0.4862708452702851,0.6419757934214605
2214,fitness_level,10.048507571478554,11.425191364770019,10.083620091261677,10.725595884683136,1.3766837932914644,0.6419757934214587
2227,fitness_level,10.30516195696579,11.598136753391039,10.366925359073234,11.008901152494692,1.2929747964252485,0.6419757934214587
2230,fitness_level,10.461221254992536,11.387345244616508,10.421376974994756,11.063352768416218,0.9261239896239726,0.6419757934214623
2232,fitness_level,11.01586323215433,11.109269973863173,10.616189632264811,11.258165425686272,0.09340674170884178,0.6419757934214605
2233,fitness_level,9.677738747214349,10.743173381023393,10.02015083877537,10.662126632196829,1.0654346338090441,0.6419757934214587
2239,fitness_level,9.94265139019936,10.47228209607566,9.969774000356116,10.611749793777577,0.5296307058762988,0.6419757934214605
2240,fitness_level,10.086304450431761,10.56995749001469,9.899507030548644,10.541482823970105,0.48365303958292927,0.6419757934214605
2244,fitness_level,10.484163815552417,10.810309126754792,10.215639414887114,10.857615208308573,0.32614531120237444,0.6419757934214587
2250,fitness_level,9.86324513778104,11.187128019754487,10.076544659645798,10.718520453067258,1.3238828819734465,0.6419757934214605
2252,fitness_level,9.673680615644843,9.987088015766531,10.119135208931382,10.761111002352843,0.31340740012168844,0.6419757934214605
2257,fitness_level,10.351814653496772,11.717814992418825,10.702324363972386,11.344300157393846,1.3660003389220527,0.6419757934214605
2263,fitness_level,10.488753536964126,11.61709641924886,10.183835808848807,10.825811602270266,1.1283428822847341,0.6419757934214587
2274,fitness_level,10.361206478140486,12.59227367590441,10.41067737843773,11.052653171859193,2.231067197763924,0.6419757934214623
2275,fitness_level,10.537992614840743,11.57369420572888,10.477077407685446,11.119053201106906,1.035701590888138,0.6419757934214605
2276,fitness_level,10.813888435898429,11.323006206481683,10.303733820881641,10.9457096143031,0.5091177705832539,0.6419757934214587
2279,fitness_level,10.486666334278146,10.497863058732758,10.318508194940934,10.960483988362395,0.01119672445461184,0.6419757934214605
2292,fitness_level,10.84054569399612,11.640306950742318,10.610796160641174,11.252771954062634,0.7997612567461978,0.6419757934214605
2296,fitness_level,10.31504942528531,10.280717904432382,10.170153027516223,10.812128820937682,-0.0343315208529269,0.6419757934214587
2299,fitness_level,10.09500252508992,10.256865092636557,9.799881680227044,10.441857473648502,0.1618625675466383,0.6419757934214587
2304,fitness_level,11.781092208993885,11.106593896054541,10.376203240594679,11.018179034016141,-0.6744983129393436,0.6419757934214623
2307,fitness_level,10.143178947676754,10.48113356558903,10.12296721081504,10.764943004236502,0.3379546179122759,0.6419757934214623
2309,fitness_level,10.898118435190947,11.277559461292933,10.699566485477389,11.341542278898848,0.37944102610198627,0.6419757934214587
2316,fitness_level,11.435189514781873,11.973099454617458,10.389746267222858,11.031722060644318,0.5379099398355844,0.6419757934214605
2323,fitness_level,10.103455483124547,10.746888256282016,10.207888064429547,10.849863857851005,0.6434327731574694,0.6419757934214587
2328,fitness_level,9.473173562704755,9.74887769141119,9.740487205243006,10.382462998664467,0.275704128706435,0.6419757934214605
2331,fitness_level,10.102368278204272,11.216593059920877,10.195263732261669,10.837239525683128,1.1142247817166044,0.6419757934214587
2340,fitness_level,10.45971974788699,11.357617745295851,9.981549515415896,10.623525308837355,0.8978979974088617,0.6419757934214587
2341,fitness_level,10.673286790983214,10.908084161291885,10.582078760292633,11.224054553714092,0.2347973703086712,0.6419757934214587
2342,fitness_level,10.549772363039256,10.803335337989182,10.212726107463757,10.854701900885216,0.25356297494992575,0.6419757934214587
2344,fitness_level,10.639383398108276,11.316850282406662,10.318543133617036,10.960518927038494,0.6774668842983864,0.6419757934214587
2350,fitness_level,10.415056956852482,11.848499486099465,10.397307250075965,11.039283043497424,1.4334425292469835,0.6419757934214587
2352,fitness_level,11.28513289031791,11.535450424515576,10.704421997849648,11.346397791271109,0.25031753419766645,0.6419757934214605
2369,fitness_level,9.534035945997045,10.793518457905124,9.756857987718385,10.398833781139844,1.2594825119080788,0.6419757934214587
2378,fitness_level,10.713292186279949,11.09090037866385,10.634362864984691,11.27633865840615,0.3776081923839012,0.6419757934214587
2380,fitness_level,10.277100978411926,10.425089021361226,10.429891590984264,11.071867384405722,0.14798804294929901,0.6419757934214587
2382,fitness_level,9.73692558843344,10.352400023052873,10.048607994167247,10.690583787588706,0.6154744346194327,0.6419757934214587
2401,fitness_level,9.879467732652387,10.140862550688372,10.20814830938621,10.850124102807671,0.26139481803598485,0.6419757934214605
2405,fitness_level,9.736914653497006,10.466152036053183,9.983214006070087,10.625189799491547,0.7292373825561764,0.6419757934214605
2413,fitness_level,9.953762602819848,10.841039136202696,9.940658395460602,10.58263418888206,0.8872765333828472,0.6419757934214587
2429,fitness_level,10.174229315422913,10.981290137582821,10.205512716257568,10.847488509679026,0.807060822159908,0.6419757934214587
2430,fitness_level,9.705192530888562,11.031276878330397,10.084383356793616,10.726359150215076,1.3260843474418351,0.6419757934214605
2436,fitness_level,10.84198790720481,11.313422706175642,10.611038936259787,11.253014729681247,0.4714347989708312,0.6419757934214605
2447,fitness_level,10.104029750348134,9.902064338051195,10.171869926184565,10.813845719606025,-0.2019654122969392,0.6419757934214605
2449,fitness_level,10.234540181200725,9.890349803440877,9.43874845975491,10.080724253176369,-0.3441903777598476,0.6419757934214587
2455,fitness_level,9.66069741418036,10.577810305601714,10.064405878715146,10.706381672136606,0.917112891421354,0.6419757934214605
2457,fitness_level,11.953766641548848,10.453781730139951,10.18818830064579,10.83016409406725,-1.4999849114088963,0.6419757934214605
2470,fitness_level,11.054408424470251,11.234000146577262,10.457880664476964,11.099856457898424,0.1795917221070109,0.6419757934214605
2474,fitness_level,11.040530595080282,11.012284449808952,10.150938814969692,10.792914608391152,-0.028246145271330292,0.6419757934214605
2476,fitness_level,10.943648846186226,11.400052742806311,10.395122269508446,11.037098062929905,0.45640389662008474,0.6419757934214587
2477,fitness_level,10.807246805918478,10.437025676345694,10.19918308083558,10.841158874257038,-0.3702211295727835,0.6419757934214587
2478,fitness_level,10.281139784291051,10.457170680446955,10.231940320010288,10.873916113431749,0.17603089615590406,0.6419757934214605
2482,fitness_level,10.563539313923512,11.125341883054228,10.19378960921194,10.835765402633399,0.561802569130716,0.6419757934214587
2483,fitness_level,10.015980500718696,10.524374651912694,9.99706968566908,10.639045479090539,0.5083941511939987,0.6419757934214587
2485,fitness_level,9.53254384986412,10.781625657592063,10.071498779669076,10.713474573090535,1.2490818077279418,0.6419757934214587
2488,fitness_level,10.865674904987207,12.045621798818173,10.556587320338265,11.198563113759723,1.1799468938309658,0.6419757934214587
2489,fitness_level,9.706344596359045,11.025424896812094,10.117903861500267,10.759879654921725,1.3190803004530487,0.6419757934214587
2492,fitness_level,10.388908275658693,10.821166328252653,10.03544570274799,10.67742149616945,0.43225805259396033,0.6419757934214587
2505,fitness_level,10.508446233183822,10.903729986902837,10.624426533959605,11.266402327381064,0.39528375371901525,0.6419757934214587
2510,fitness_level,11.233470433736867,11.81301779983097,10.767856311659857,11.409832105081316,0.5795473660941024,0.6419757934214587
2524,fitness_level,11.02314297209306,11.560420673998092,10.523760203811351,11.16573599723281,0.5372777019050314,0.6419757934214587
2525,fitness_level,9.83297465208228,10.666052579540127,10.053203261582842,10.695179055004305,0.8330779274578468,0.6419757934214623
2526,fitness_level,9.545702282678835,10.420257220082147,9.92702802214217,10.569003815563631,0.8745549374033121,0.6419757934214605
2530,fitness_level,10.068507397718285,10.803091406576762,9.839454106060971,10.48142989948243,0.7345840088584765,0.6419757934214587
2532,fitness_level,10.727476648308995,9.855837359333954,10.119412923226095,10.761388716647554,-0.8716392889750413,0.6419757934214587
2537,fitness_level,9.59694185587146,11.322357678060001,10.300039778588294,10.942015572009753,1.7254158221885412,0.6419757934214587
2539,fitness_level,10.314769486468254,11.234654222559742,10.225698031278553,10.867673824700011,0.9198847360914879,0.6419757934214587
2543,fitness_level,10.705670878986586,11.634401018153486,10.358393273745676,11.000369067167137,0.9287301391669001,0.6419757934214605
2546,fitness_level,10.02883130768932,10.87362127804541,10.320970889803167,10.962946683224626,0.844789970356091,0.6419757934214587
2551,fitness_level,9.333808643828462,11.022236548487456,10.154893102219702,10.796868895641161,1.6884279046589938,0.6419757934214587
2568,fitness_level,10.330346103464587,11.846625835312878,10.189402178738854,10.831377972160315,1.5162797318482912,0.6419757934214605
2570,fitness_level,10.289566376084888,10.294945890301218,10.186956953214674,10.828932746636132,0.0053795142163295395,0.6419757934214587
2573,fitness_level,8.953797031386614,9.874067187100497,9.807442663080149,10.44941845650161,0.920270155713883,0.6419757934214605
2575,fitness_level,10.896373474961374,10.694639939128102,10.193754670535839,10.835730463957297,-0.20173353583327192,0.6419757934214587
2577,fitness_level,9.74101476429302,10.781027699924758,10.515037750879332,11.157013544300792,1.0400129356317382,0.6419757934214605
2578,fitness_level,9.854455309533627,11.01901425865228,10.502621255653969,11.144597049075427,1.1645589491186534,0.6419757934214587
2584,fitness_level,10.097793672397327,11.008099454617458,10.331913261978803,10.973889055400264,0.9103057822201315,0.6419757934214605
2588,fitness_level,10.349019818941448,11.080566679225456,10.297646961078264,10.939622754499725,0.7315468602840074,0.6419757934214605
2598,fitness_level,10.442352997607081,11.283361371841451,10.370289279057715,11.012265072479176,0.8410083742343701,0.6419757934214605
2599,fitness_level,10.427204477614529,11.746183952258411,10.32459505474431,10.966570848165771,1.318979474643882,0.6419757934214605
2603,fitness_level,10.34292641441172,11.226105826091585,10.418931749470575,11.060907542892036,0.8831794116798655,0.6419757934214605
2604,fitness_level,9.934909467403338,11.618075076343597,10.432336816508444,11.074312609929903,1.683165608940259,0.6419757934214587
2605,fitness_level,11.126166154492386,11.997424894747146,10.465857321215095,11.107833114636556,0.8712587402547598,0.6419757934214605
2625,fitness_level,9.781827787498793,11.377493080739452,10.35064192328811,10.992617716709569,1.5956652932406588,0.6419757934214587
2627,fitness_level,10.400596410650378,10.745548699778075,10.219853947093787,10.86182974051525,0.34495228912769704,0.6419757934214623
2628,fitness_level,11.006789813623437,11.121524351090857,10.787851259076376,11.429827052497837,0.11473453746742024,0.6419757934214605
2632,fitness_level,10.134875989895907,10.78752299228883,10.20497475700619,10.846950550427648,0.6526470023929232,0.6419757934214587
2633,fitness_level,10.675940173110051,11.431985020309076,10.580952228889823,11.222928022311281,0.7560448471990249,0.6419757934214587
2636,fitness_level,10.103211890464832,10.169286623756483,10.11029047063301,10.752266264054471,0.06607473329165003,0.6419757934214605
2637,fitness_level,10.83311474553939,11.624682610145305,10.438371268297669,11.080347061719129,0.7915678646059146,0.6419757934214605
2639,fitness_level,9.37052671101899,10.924680925149596,10.104308426857935,10.746284220279394,1.554154214130607,0.6419757934214587
2648,fitness_level,10.007076800911989,11.036891297845456,9.806366744577394,10.448342537998856,1.0298144969334668,0.6419757934214623
2653,fitness_level,11.121115941583273,10.92079669933679,10.291993244497961,10.933969037919422,-0.2003192422464828,0.6419757934214605
2661,fitness_level,10.821920699285497,11.67752183649502,10.553396298620193,11.195372092041653,0.855601137209522,0.6419757934214605
2666,fitness_level,9.6169551087597,11.55194217157106,10.46861519971009,11.11059099313155,1.9349870628113592,0.6419757934214605
2678,fitness_level,9.360584520694061,10.685006375773364,10.04493142121195,10.686907214633411,1.3244218550793025,0.6419757934214605
2686,fitness_level,9.459165165755964,10.498470740668633,9.816650667249396,10.458626460670855,1.0393055749126692,0.6419757934214587
2688,fitness_level,10.200250004214569,10.720457669800453,9.99968780945967,10.641663602881133,0.5202076655858843,0.6419757934214623
2696,fitness_level,11.583594416827307,11.494089029959708,10.563142262040817,11.205118055462275,-0.08950538686759835,0.6419757934214587
2697,fitness_level,10.825173040205739,10.401729489183184,10.483632349387998,11.125608142809458,-0.4234435510225545,0.6419757934214605
2710,fitness_level,10.04796856259121,10.30653778169991,10.52258126439439,11.164557057815848,0.25856921910870057,0.6419757934214587
2732,fitness_level,9.740986544103542,10.435812164018992,10.31393039686339,10.955906190284848,0.6948256199154503,0.6419757934214587
2738,fitness_level,10.12884930382563,10.438754701525765,9.87278424316316,10.51476003658462,0.3099053977001347,0.6419757934214605
2739,fitness_level,10.186072415339845,10.739806603560474,10.117921330838318,10.759897124259778,0.5537341882206288,0.6419757934214605
2741,fitness_level,9.687354508842512,10.041185983927916,10.003156545472457,10.645132338893916,0.35383147508540347,0.6419757934214587
2752,fitness_level,9.354555967946714,10.025172045443822,9.764521991485699,10.406497784907158,0.6706160774971082,0.6419757934214587
2755,fitness_level,11.421226142583576,11.465888097484418,10.69902852622601,11.341004319647471,0.04466195490084246,0.6419757934214605
2759,fitness_level,10.316426915922571,10.805008209072591,10.293242061267128,10.935217854688586,0.48858129315001975,0.6419757934214587
2776,fitness_level,9.862355667039965,11.416746277055275,10.377624955630258,11.019600749051717,1.554390610015309,0.6419757934214587
2779,fitness_level,11.130428423028112,11.93567420683232,10.614004651697295,11.255980445118755,0.8052457838042084,0.6419757934214605
2780,fitness_level,10.77752385783979,11.152521665138394,10.584038434579588,11.226014228001048,0.37499780729860355,0.6419757934214605
2790,fitness_level,10.824997136157375,11.356787265480408,10.503384521185906,11.145360314607366,0.5317901293230332,0.6419757934214605
2794,fitness_level,10.087211689521562,10.781125655527115,10.389520960942297,11.031496754363756,0.6939139660055531,0.6419757934214587
2798,fitness_level,9.993139123813252,10.297889784375723,10.167482495711479,10.809458289132937,0.3047506605624708,0.6419757934214587
2801,fitness_level,11.127888935513681,11.325104670128425,10.250183430082366,10.892159223503825,0.19721573461474406,0.6419757934214587
2808,fitness_level,10.419548890057916,10.805837526730034,10.577223247920372,11.219199041341831,0.3862886366721181,0.6419757934214587
2811,fitness_level,9.43153311397536,9.947408604256015,10.1604070640956,10.80238285751706,0.5158754902806546,0.6419757934214605
2823,fitness_level,10.305510575195562,10.725017946069537,10.325601095894864,10.967576889316325,0.4195073708739745,0.6419757934214605
2829,fitness_level,9.793387940413073,11.466376167447375,9.914594057578755,10.556569851000216,1.6729882270343026,0.6419757934214605
2834,fitness_level,9.845974114620594,10.782188663854885,10.105765080569613,10.747740873991072,0.9362145492342915,0.6419757934214587
2842,fitness_level,9.804694562896763,11.42514076063779,10.220529865935475,10.862505659356936,1.6204461977410265,0.6419757934214605
2852,fitness_level,10.815527053732243,10.755341053284752,10.035012559524917,10.676988352946376,-0.060186000447490784,0.6419757934214587
2854,fitness_level,10.15963022278062,10.257561137520812,9.679272810676421,10.32124860409788,0.097930914740191,0.6419757934214587
2872,fitness_level,10.299536786599301,11.447879859333224,10.458626460670855,11.100602254092315,1.1483430727339226,0.6419757934214605
2875,fitness_level,10.156350300991184,11.167299535996413,10.47806597949795,11.120041772919409,1.0109492350052296,0.6419757934214587
2878,fitness_level,9.961933975226845,10.425713033530265,9.917074221779037,10.559050015200496,0.4637790583034196,0.6419757934214587
2883,fitness_level,10.906379541399334,10.922614900545792,10.484135369963274,11.126111163384733,0.01623535914645835,0.6419757934214587
2887,fitness_level,10.416768311920578,11.175867764303742,10.566038100126123,11.208013893547582,0.7590994523831647,0.6419757934214587
2888,fitness_level,9.66823336671094,11.990983847656999,10.210090514335114,10.852066307756575,2.322750480946059,0.6419757934214605
2899,fitness_level,10.675363075421682,12.009711850553451,10.532985677318647,11.174961470740106,1.3343487751317689,0.6419757934214587
2901,fitness_level,10.630449249629201,11.05058063903641,10.601310442177216,11.243286235598674,0.4201313894072083,0.6419757934214587
2917,fitness_level,8.878773199003575,11.543426552051807,9.954514075059597,10.596489868481056,2.664653353048232,0.6419757934214587
2919,fitness_level,10.723697899340983,11.578761890379683,10.873708276489234,11.515684069910694,0.8550639910386995,0.6419757934214605
2924,fitness_level,9.858930596806298,10.656179936582522,9.840442677873474,10.482418471294933,0.7972493397762239,0.6419757934214587
2926,fitness_level,10.452722946183085,11.573969405258413,10.404625457310457,11.046601250731918,1.1212464590753282,0.6419757934214605
2945,fitness_level,9.44081150560614,11.229851647403532,10.237992241137563,10.879968034559022,1.7890401417973916,0.6419757934214587
2956,fitness_level,9.59000233704437,10.094850781852566,10.130563132344248,10.772538925765707,0.5048484448081965,0.6419757934214587
2957,fitness_level,11.08161473934455,11.57559624565794,10.369630829554078,11.011606622975536,0.4939815063133892,0.6419757934214587
2959,fitness_level,10.512797395426727,11.115247640156541,10.308501986563648,10.950477779985109,0.6024502447298143,0.6419757934214605
2961,fitness_level,9.533053275630062,10.882479999207842,10.027191331715148,10.669167125136607,1.3494267235777802,0.6419757934214587
2964,fitness_level,10.565842382500135,10.698079276104487,10.369405523273514,11.011381316694974,0.1322368936043521,0.6419757934214605
2967,fitness_level,11.239759409161694,10.943874813283282,10.61520106045231,11.25717685387377,-0.2958845958784124,0.6419757934214587
2973,fitness_level,10.24294538862102,11.693531736250115,10.495320517757525,11.137296311178984,1.4505863476290948,0.6419757934214587
2974,fitness_level,10.649883573933492,10.822343565984987,10.379064140003885,11.021039933425344,0.1724599920514951,0.6419757934214587
2976,fitness_level,10.223871476669714,10.866823412420729,10.002878831177744,10.644854624599203,0.6429519357510145,0.6419757934214587
2979,fitness_level,11.203920690856364,11.680495610297962,10.566818834996115,11.208794628417573,0.4765749194415978,0.6419757934214587
2982,fitness_level,9.67540609551632,9.753975623960432,9.991208132146266,10.633183925567725,0.07856952844411147,0.6419757934214587
2987,fitness_level,9.725097307514238,10.494257726061585,9.620831968828785,10.262807762250246,0.7691604185473473,0.6419757934214605
2989,fitness_level,9.722577438336677,11.074567527918154,10.053238200258946,10.695213993680406,1.3519900895814772,0.6419757934214605
2992,fitness_level,10.477649688514735,10.757825084857405,10.25191779808876,10.893893591510219,0.2801753963426705,0.6419757934214587
2993,fitness_level,10.452039673495037,10.389194882895602,10.085059275635304,10.727035069056763,-0.06284479059943493,0.6419757934214587
